width,root_test_err_pct,root_test_err_sd,root_noisy_train_errors,root_nodes,tree_test_err_pct,tree_test_err_sd,tree_noisy_train_errors,tree_nodes,pruned_train_test_err_pct,pruned_train_test_err_sd,pruned_train_noisy_train_errors,pruned_train_nodes,pruned_val_test_err_pct,pruned_val_test_err_sd,pruned_val_noisy_train_errors,pruned_val_nodes,childA_flipped_share,childB_flipped_share,tree_fixed_flipped_share,root_errors_flipped_share,tree_fixed
1,14.153333333333332,0.3797806384392618,11086/10992/11418,10/10/10,13.756666666666668,0.2731910198621713,10687/10536/10798,49/48/49,13.69,0.19000000000000025,10678/10519/10785,28/27/24,14.070000000000002,0.43034869582700014,11028/10773/11111,15/15/22,0.8255200211738306,0.2861033711857302,0.050486544265292276,0.3734081309205031,881/941/1133
2,14.576666666666666,0.4697162263892247,10695/10553/10812,10/10/10,14.49,0.36386810797320585,9827/9767/9863,64/67/67,14.346666666666666,0.39323445084749825,9822/9755/9859,33/28/38,14.423333333333336,0.5407710544521888,10548/10362/10482,12/12/15,0.8567292531584796,0.30065615878824176,0.08461732419761675,0.39123267628393205,1385/1354/1492
4,15.5,0.3469870314579498,9677/9581/9659,10/10/10,17.053333333333335,0.16258331197676362,7167/6848/7154,66/68/69,17.053333333333335,0.16258331197676362,7167/6848/7154,65/67/67,16.19666666666667,0.9451102228488136,9663/9624/9636,16/10/12,0.884645311347052,0.3148257756481094,0.43988432713148157,0.3964850943795714,3262/3438/3204
8,18.446666666666665,0.4424176006143217,7694/7536/7650,10/10/10,21.996666666666663,0.2371356854910985,2520/2481/2514,62/65/64,21.993333333333332,0.2315887159024236,2520/2481/2514,62/58/60,18.923333333333332,0.3971565602295054,7709/7575/7614,10/10/10,0.8872432710081387,0.32771989182321754,0.6622215456663174,0.36058480114725927,5692/5538/5620
16,20.073333333333334,0.11676186592091439,3381/3423/3485,10/10/10,25.406666666666666,0.6197849089267438,195/198/214,49/49/49,25.410000000000004,0.6252199612936249,195/198/214,41/42/42,20.436666666666667,0.3286842456421261,3267/3239/3347,10/10/10,0.764003102590402,0.4833496377603703,0.8496901909922068,0.48569819980312023,3254/3290/3346
32,20.95,0.1417744687875784,167/201/218,10/10/10,21.813333333333333,0.2898850346832915,0/0/0,32/34/31,21.82333333333333,0.2926317367158484,0/0/0,20/21/22,21.48,0.2426932219902317,147/168/172,10/10/10,0.39999999999999997,0.7995946787197687,0.9693663474092483,0.796934489623227,167/201/218
64,19.166666666666664,0.12220201853215651,0/1/6,10/10/10,20.766666666666666,0.08504900548115278,0/0/0,22/21/27,20.766666666666666,0.08504900548115278,0/0/0,11/10/12,20.77,0.08544003745317434,2/0/1,10/10/11,0.40714285714285714,0.6305555555555555,0.8333333333333333,0.6252592498462543,0/1/6
128,17.483333333333338,0.38423083339749514,0/1/203,10/10/10,17.85333333333333,0.3579571668975686,0/0/0,12/12/16,17.85333333333333,0.3579571668975686,0/0/0,10/10/13,17.913333333333334,0.41968241961432423,0/0/243,10/10/10,0.6869565217391305,0.6846075433231396,0.3866995073891626,0.6911746031746032,0/1/203
256,16.22,0.6677574409918614,1/0/9,10/10/10,16.803333333333335,1.0758407564938834,0/0/0,13/11/19,16.816666666666666,1.0986506875860649,0/0/0,10/10/10,16.816666666666666,1.0986506875860649,0/0/0,10/10/10,0.75,0.7067782067782068,0.3888888888888889,0.7079092451229855,1/0/9
512,17.88,1.773048222694464,1/987/700,10/10/10,16.593333333333334,0.25482019804821787,0/0/0,11/16/14,16.593333333333334,0.25482019804821787,0/0/0,10/12/12,16.593333333333334,0.25482019804821787,0/0/0,10/12/12,0.4576316595223515,0.3734421334194069,0.2544309354947653,0.3844633169513478,1/987/700
