dataset,run,kind,nodes,head_parameters,total_parameters,width,seed,fixed_epochs,train_n,train_errors,train_accuracy,train_log_loss,val_n,val_errors,val_accuracy,val_log_loss,test_n,test_errors,test_accuracy,test_log_loss
catsdogs,main_w128_clean_v1,pruned,1,73985,1000993,128,17,False,17476,0,1.0,0.0006900793581174978,3745,78,0.9791722296395193,0.06700880267834594,,,,
catsdogs,main_w128_clean_v1,root,1,73985,1000993,128,17,False,17476,0,1.0,0.0006900793581174978,3745,78,0.9791722296395193,0.06700880267834594,,,,
catsdogs,main_w128_clean_v1,root_refit,1,73985,1000993,128,17,False,17476,0,1.0,1.3719017650652572e-05,3745,79,0.9789052069425901,0.13756142399925222,,,,
catsdogs,main_w128_clean_v1,tree,1,73985,1000993,128,17,False,17476,0,1.0,0.0006900793581174978,3745,78,0.9791722296395193,0.06700880267834594,,,,
catsdogs,sweep_capacity_clean_v1_w128_s17,root,1,73985,1000993,128,17,True,17476,0,1.0,7.113654374551674e-05,3745,79,0.9789052069425901,0.09271109691240931,,,,
catsdogs,sweep_capacity_clean_v1_w128_s17,tree,1,73985,1000993,128,17,True,17476,0,1.0,7.113654374551674e-05,3745,79,0.9789052069425901,0.09271109691240931,,,,
catsdogs,sweep_capacity_clean_v1_w128_s29,root,1,73985,1000993,128,29,True,17476,0,1.0,3.6359719385714954e-05,3745,79,0.9789052069425901,0.09179348930943021,,,,
catsdogs,sweep_capacity_clean_v1_w128_s29,tree,1,73985,1000993,128,29,True,17476,0,1.0,3.6359719385714954e-05,3745,79,0.9789052069425901,0.09179348930943021,,,,
catsdogs,sweep_capacity_clean_v1_w128_s43,root,1,73985,1000993,128,43,True,17476,0,1.0,7.86077303024213e-05,3745,82,0.9781041388518024,0.09636091245694553,,,,
catsdogs,sweep_capacity_clean_v1_w128_s43,tree,1,73985,1000993,128,43,True,17476,0,1.0,7.86077303024213e-05,3745,82,0.9781041388518024,0.09636091245694553,,,,
catsdogs,sweep_capacity_clean_v1_w16_s17,pruned,2,18499,945507,16,17,True,17476,0,1.0,1.622653073873978e-05,3745,76,0.9797062750333778,0.17058979893627355,3745,75,0.9799732977303071,0.15206294677005058
catsdogs,sweep_capacity_clean_v1_w16_s17,root,1,9249,936257,16,17,True,17476,2,0.9998855573357748,0.0006701684531582585,3745,75,0.9799732977303071,0.08469445462091052,3745,80,0.9786381842456608,0.07779313951855855
catsdogs,sweep_capacity_clean_v1_w16_s17,root_refit,1,9249,936257,16,17,True,17476,2,0.9998855573357748,0.00022542847337206568,3745,77,0.9794392523364486,0.15589180489771676,3745,81,0.9783711615487316,0.13990126157070149
catsdogs,sweep_capacity_clean_v1_w16_s17,tree,2,18499,945507,16,17,True,17476,0,1.0,1.622653073873978e-05,3745,76,0.9797062750333778,0.17058979893627355,3745,75,0.9799732977303071,0.15206294677005058
catsdogs,sweep_capacity_clean_v1_w16_s29,pruned,2,18499,945507,16,29,True,17476,0,1.0,2.4608128383251935e-05,3745,81,0.9783711615487316,0.22186445773318775,3745,84,0.9775700934579439,0.22918277912238194
catsdogs,sweep_capacity_clean_v1_w16_s29,root,1,9249,936257,16,29,True,17476,1,0.9999427786678874,0.0006003063573247469,3745,82,0.9781041388518024,0.09305462739673519,3745,82,0.9781041388518024,0.09179550005344315
catsdogs,sweep_capacity_clean_v1_w16_s29,root_refit,1,9249,936257,16,29,True,17476,1,0.9999427786678874,0.0001510866404396021,3745,80,0.9786381842456608,0.1693803924705763,3745,82,0.9781041388518024,0.17293154738536565
catsdogs,sweep_capacity_clean_v1_w16_s29,tree,3,27749,954757,16,29,True,17476,0,1.0,2.4608128501841057e-05,3745,81,0.9783711615487316,0.2218644577332053,3745,84,0.9775700934579439,0.22918277912238286
catsdogs,sweep_capacity_clean_v1_w16_s43,pruned,2,18499,945507,16,43,True,17476,0,1.0,2.2972613590255312e-05,3745,80,0.9786381842456608,0.22443740190984193,3745,83,0.9778371161548731,0.22618750870989396
catsdogs,sweep_capacity_clean_v1_w16_s43,root,1,9249,936257,16,43,True,17476,4,0.9997711146715496,0.0006905313718646329,3745,78,0.9791722296395193,0.09080236895022928,3745,83,0.9778371161548731,0.0899501420232663
catsdogs,sweep_capacity_clean_v1_w16_s43,root_refit,1,9249,936257,16,43,True,17476,4,0.9997711146715496,0.000323658734935491,3745,78,0.9791722296395193,0.16029996178769612,3745,85,0.9773030707610146,0.16169935921928674
catsdogs,sweep_capacity_clean_v1_w16_s43,tree,2,18499,945507,16,43,True,17476,0,1.0,2.2972613590255312e-05,3745,80,0.9786381842456608,0.22443740190984193,3745,83,0.9778371161548731,0.22618750870989396
catsdogs,sweep_capacity_clean_v1_w1_s17,root,1,579,927587,1,17,True,17476,170,0.9902723735408561,0.06396485532448198,3745,89,0.9762349799732978,0.0952712864514613,,,,
catsdogs,sweep_capacity_clean_v1_w1_s17,tree,1,579,927587,1,17,True,17476,168,0.9903868162050813,0.035740039187299406,3745,90,0.9759679572763685,0.09309363289357675,,,,
catsdogs,sweep_capacity_clean_v1_w1_s29,root,1,579,927587,1,29,True,17476,176,0.9899290455481804,0.06746056890555976,3745,86,0.9770360480640854,0.09457780254256234,,,,
catsdogs,sweep_capacity_clean_v1_w1_s29,tree,4,2319,929327,1,29,True,17476,143,0.9918173495078966,0.029240041265779674,3745,88,0.976502002670227,0.09193251437959664,,,,
catsdogs,sweep_capacity_clean_v1_w1_s43,root,1,579,927587,1,43,True,17476,151,0.9913595788509957,0.09208514469127226,3745,92,0.97543391188251,0.12316121497310639,,,,
catsdogs,sweep_capacity_clean_v1_w1_s43,tree,4,2319,929327,1,43,True,17476,127,0.9927328908216984,0.03405349675018614,3745,92,0.97543391188251,0.08988132552581214,,,,
catsdogs,sweep_capacity_clean_v1_w2_s17,root,1,1157,928165,2,17,True,17476,83,0.9952506294346533,0.07029910667418901,3745,96,0.9743658210947931,0.11568974822389057,,,,
catsdogs,sweep_capacity_clean_v1_w2_s17,tree,6,6947,933955,2,17,True,17476,18,0.998970016021973,0.007340882249072198,3745,96,0.9743658210947931,0.1889550554742184,,,,
catsdogs,sweep_capacity_clean_v1_w2_s29,root,1,1157,928165,2,29,True,17476,89,0.9949073014419776,0.0822196254943177,3745,101,0.9730307076101469,0.12070782165480687,,,,
catsdogs,sweep_capacity_clean_v1_w2_s29,tree,5,5789,932797,2,29,True,17476,29,0.9983405813687343,0.011818061581460728,3745,96,0.9743658210947931,0.13055849525383603,,,,
catsdogs,sweep_capacity_clean_v1_w2_s43,root,1,1157,928165,2,43,True,17476,81,0.9953650720988785,0.04426158474654496,3745,81,0.9783711615487316,0.08561784203400831,,,,
catsdogs,sweep_capacity_clean_v1_w2_s43,tree,6,6947,933955,2,43,True,17476,28,0.9983978027008469,0.009974188304673382,3745,83,0.9778371161548731,0.11917879486951763,,,,
catsdogs,sweep_capacity_clean_v1_w32_s17,pruned,1,18497,945505,32,17,True,17476,0,1.0,0.00020987492852465813,3745,80,0.9786381842456608,0.09381026464798733,3745,84,0.9775700934579439,0.0883241680039708
catsdogs,sweep_capacity_clean_v1_w32_s17,root,1,18497,945505,32,17,True,17476,0,1.0,0.00020987492852465813,3745,80,0.9786381842456608,0.09381026464798733,3745,84,0.9775700934579439,0.0883241680039708
catsdogs,sweep_capacity_clean_v1_w32_s17,root_refit,1,18497,945505,32,17,True,17476,0,1.0,9.023006610697151e-06,3745,78,0.9791722296395193,0.18738501362909787,3745,88,0.976502002670227,0.17462292380571723
catsdogs,sweep_capacity_clean_v1_w32_s17,tree,1,18497,945505,32,17,True,17476,0,1.0,0.00020987492852465813,3745,80,0.9786381842456608,0.09381026464798733,3745,84,0.9775700934579439,0.0883241680039708
catsdogs,sweep_capacity_clean_v1_w32_s29,root,1,18497,945505,32,29,True,17476,2,0.9998855573357748,0.00025447848121304764,3745,80,0.9786381842456608,0.08978952239245672,,,,
catsdogs,sweep_capacity_clean_v1_w32_s29,tree,2,36995,964003,32,29,True,17476,0,1.0,1.2340651181357368e-05,3745,77,0.9794392523364486,0.15202896972685392,,,,
catsdogs,sweep_capacity_clean_v1_w32_s43,root,1,18497,945505,32,43,True,17476,2,0.9998855573357748,0.0002355441935795973,3745,80,0.9786381842456608,0.09479444508879106,,,,
catsdogs,sweep_capacity_clean_v1_w32_s43,tree,2,36995,964003,32,43,True,17476,0,1.0,8.075144549850625e-06,3745,80,0.9786381842456608,0.16959137144154776,,,,
catsdogs,sweep_capacity_clean_v1_w4_s17,root,1,2313,929321,4,17,True,17476,25,0.9985694666971847,0.006833186885294727,3745,93,0.9751668891855808,0.08539750589665733,,,,
catsdogs,sweep_capacity_clean_v1_w4_s17,tree,7,16197,943205,4,17,True,17476,1,0.9999427786678874,0.0004773551104020168,3745,96,0.9743658210947931,0.2749671703402502,,,,
catsdogs,sweep_capacity_clean_v1_w4_s29,root,1,2313,929321,4,29,True,17476,28,0.9983978027008469,0.06501167871986033,3745,95,0.9746328437917223,0.1353422756276026,,,,
catsdogs,sweep_capacity_clean_v1_w4_s29,tree,4,9255,936263,4,29,True,17476,2,0.9998855573357748,0.0011231433989849421,3745,95,0.9746328437917223,0.22493583706084253,,,,
catsdogs,sweep_capacity_clean_v1_w4_s43,root,1,2313,929321,4,43,True,17476,26,0.9985122453650721,0.009170698361263495,3745,86,0.9770360480640854,0.07875273316520927,,,,
catsdogs,sweep_capacity_clean_v1_w4_s43,tree,5,11569,938577,4,43,True,17476,5,0.9997138933394369,0.002618194147352861,3745,89,0.9762349799732978,0.18661370574871577,,,,
catsdogs,sweep_capacity_clean_v1_w64_s17,root,1,36993,964001,64,17,True,17476,0,1.0,0.00011283147023214094,3745,79,0.9789052069425901,0.09501882263657228,,,,
catsdogs,sweep_capacity_clean_v1_w64_s17,tree,1,36993,964001,64,17,True,17476,0,1.0,0.00011283147023214094,3745,79,0.9789052069425901,0.09501882263657228,,,,
catsdogs,sweep_capacity_clean_v1_w64_s29,root,1,36993,964001,64,29,True,17476,0,1.0,0.00010872261942616792,3745,80,0.9786381842456608,0.08826003954413056,,,,
catsdogs,sweep_capacity_clean_v1_w64_s29,tree,1,36993,964001,64,29,True,17476,0,1.0,0.00010872261942616792,3745,80,0.9786381842456608,0.08826003954413056,,,,
catsdogs,sweep_capacity_clean_v1_w64_s43,root,1,36993,964001,64,43,True,17476,0,1.0,0.00011017356777611015,3745,81,0.9783711615487316,0.09192495664151214,,,,
catsdogs,sweep_capacity_clean_v1_w64_s43,tree,1,36993,964001,64,43,True,17476,0,1.0,0.00011017356777611015,3745,81,0.9783711615487316,0.09192495664151214,,,,
catsdogs,sweep_capacity_clean_v1_w8_s17,pruned,2,9251,936259,8,17,True,17476,0,1.0,2.6000716001951744e-05,3745,95,0.9746328437917223,0.3139273164288113,3745,88,0.976502002670227,0.31040000906126325
catsdogs,sweep_capacity_clean_v1_w8_s17,root,1,4625,931633,8,17,True,17476,5,0.9997138933394369,0.0021614986570361663,3745,88,0.976502002670227,0.09542161570078073,3745,82,0.9781041388518024,0.0945740101443991
catsdogs,sweep_capacity_clean_v1_w8_s17,root_refit,1,4625,931633,8,17,True,17476,5,0.9997138933394369,0.0007401781016510016,3745,88,0.976502002670227,0.2172858883628461,3745,82,0.9781041388518024,0.21237662319811093
catsdogs,sweep_capacity_clean_v1_w8_s17,tree,3,13877,940885,8,17,True,17476,0,1.0,2.600087920017411e-05,3745,95,0.9746328437917223,0.3139273326427144,3745,88,0.976502002670227,0.31040000906126325
catsdogs,sweep_capacity_clean_v1_w8_s29,pruned,2,9251,936259,8,29,True,17476,0,1.0,2.3816641998091333e-05,3745,82,0.9781041388518024,0.3099648359799696,3745,92,0.97543391188251,0.3080766768130738
catsdogs,sweep_capacity_clean_v1_w8_s29,root,1,4625,931633,8,29,True,17476,8,0.9995422293430991,0.0029670217105419103,3745,84,0.9775700934579439,0.0948105717036115,3745,93,0.9751668891855808,0.09537678111087058
catsdogs,sweep_capacity_clean_v1_w8_s29,root_refit,1,4625,931633,8,29,True,17476,8,0.9995422293430991,0.0009858090956032396,3745,83,0.9778371161548731,0.263758557423164,3745,93,0.9751668891855808,0.2623805595266832
catsdogs,sweep_capacity_clean_v1_w8_s29,tree,3,13877,940885,8,29,True,17476,0,1.0,2.3816641998091397e-05,3745,82,0.9781041388518024,0.3099648359799696,3745,92,0.97543391188251,0.3080766768130738
catsdogs,sweep_capacity_clean_v1_w8_s43,pruned,2,9251,936259,8,43,True,17476,0,1.0,2.919572704373668e-05,3745,86,0.9770360480640854,0.30430946527318214,3745,99,0.9735647530040054,0.33740213689952214
catsdogs,sweep_capacity_clean_v1_w8_s43,root,1,4625,931633,8,43,True,17476,3,0.9998283360036622,0.0021580577112867236,3745,87,0.9767690253671563,0.08754888620690215,3745,96,0.9743658210947931,0.09585650815794408
catsdogs,sweep_capacity_clean_v1_w8_s43,root_refit,1,4625,931633,8,43,True,17476,3,0.9998283360036622,0.00048769844086393906,3745,85,0.9773030707610146,0.23236354335015066,3745,96,0.9743658210947931,0.25476759601825977
catsdogs,sweep_capacity_clean_v1_w8_s43,tree,3,13877,940885,8,43,True,17476,0,1.0,2.919572704373668e-05,3745,86,0.9770360480640854,0.30430946527318214,3745,99,0.9735647530040054,0.33740213689952214
cifar10,main_w128,pruned,10,739850,1666858,128,17,False,45000,0,1.0,2.8633758266868452e-05,5000,447,0.9106,0.649570654502335,,,,
cifar10,main_w128,root,10,739850,1666858,128,17,False,45000,0,1.0,2.8633758266868452e-05,5000,447,0.9106,0.649570654502335,,,,
cifar10,main_w128,root_refit,10,739850,1666858,128,17,False,45000,0,1.0,1.3674329807925067e-08,5000,451,0.9098,1.214309383593195,,,,
cifar10,main_w128,tree,10,739850,1666858,128,17,False,45000,0,1.0,2.8633758266868452e-05,5000,447,0.9106,0.649570654502335,,,,
cifar10,sweep_capacity_clean_v1_w128_s17,root,10,739850,1666858,128,17,True,45000,0,1.0,5.706100538630202e-09,5000,450,0.91,1.0080234547788933,,,,
cifar10,sweep_capacity_clean_v1_w128_s17,tree,10,739850,1666858,128,17,True,45000,0,1.0,5.706100538630202e-09,5000,450,0.91,1.0080234547788933,,,,
cifar10,sweep_capacity_clean_v1_w128_s29,root,10,739850,1666858,128,29,True,45000,0,1.0,1.8331003635565072e-08,5000,447,0.9106,1.014436488070702,,,,
cifar10,sweep_capacity_clean_v1_w128_s29,tree,10,739850,1666858,128,29,True,45000,0,1.0,1.8331003635565072e-08,5000,447,0.9106,1.014436488070702,,,,
cifar10,sweep_capacity_clean_v1_w128_s43,root,10,739850,1666858,128,43,True,45000,0,1.0,6.345359049125576e-09,5000,454,0.9092,0.9984897502673903,,,,
cifar10,sweep_capacity_clean_v1_w128_s43,tree,10,739850,1666858,128,43,True,45000,0,1.0,6.345359049125576e-09,5000,454,0.9092,0.9984897502673903,,,,
cifar10,sweep_capacity_clean_v1_w16_s17,pruned,12,110990,1037998,16,17,True,45000,0,1.0,3.956055819345378e-06,5000,552,0.8896,1.72952277003654,10000,1199,0.8801,1.9472361329774899
cifar10,sweep_capacity_clean_v1_w16_s17,root,10,92490,1019498,16,17,True,45000,1,0.9999777777777777,0.00013424382068688757,5000,524,0.8952,1.080239945673999,10000,1184,0.8816,1.239536311836235
cifar10,sweep_capacity_clean_v1_w16_s17,root_refit,10,92490,1019498,16,17,True,45000,1,0.9999777777777777,3.834652581013483e-05,5000,545,0.891,1.869145846296534,10000,1186,0.8814,2.1141976912219826
cifar10,sweep_capacity_clean_v1_w16_s17,tree,18,166490,1093498,16,17,True,45000,0,1.0,3.4208552659298884e-06,5000,552,0.8896,1.729522768212611,10000,1198,0.8802,1.9474371568453763
cifar10,sweep_capacity_clean_v1_w16_s29,pruned,11,101740,1028748,16,29,True,45000,0,1.0,5.312568947083907e-06,5000,544,0.8912,1.6135747700093979,10000,1181,0.8819,1.7453673239363185
cifar10,sweep_capacity_clean_v1_w16_s29,root,10,92490,1019498,16,29,True,45000,1,0.9999777777777777,0.00015432000281229448,5000,527,0.8946,1.1047410157424926,10000,1153,0.8847,1.22026893901627
cifar10,sweep_capacity_clean_v1_w16_s29,root_refit,10,92490,1019498,16,29,True,45000,1,0.9999777777777777,0.00019222374102393836,5000,531,0.8938,1.8585043914609392,10000,1151,0.8849,2.0417771007679133
cifar10,sweep_capacity_clean_v1_w16_s29,tree,19,175740,1102748,16,29,True,45000,0,1.0,4.580872492087904e-06,5000,544,0.8912,1.613749678604108,10000,1181,0.8819,1.7453190841543587
cifar10,sweep_capacity_clean_v1_w16_s43,pruned,12,110990,1037998,16,43,True,45000,0,1.0,6.053329608461169e-06,5000,558,0.8884,1.716502383841664,10000,1192,0.8808,1.8962917447051921
cifar10,sweep_capacity_clean_v1_w16_s43,root,10,92490,1019498,16,43,True,45000,3,0.9999333333333333,0.00021315048036932538,5000,525,0.895,1.0891492152123843,10000,1170,0.883,1.1999259514770475
cifar10,sweep_capacity_clean_v1_w16_s43,root_refit,10,92490,1019498,16,43,True,45000,2,0.9999555555555556,0.00016138049255455056,5000,537,0.8926,1.8190335630153651,10000,1174,0.8826,2.0122900577142446
cifar10,sweep_capacity_clean_v1_w16_s43,tree,21,194240,1121248,16,43,True,45000,0,1.0,1.7996679037698467e-06,5000,558,0.8884,1.7166084480497825,10000,1192,0.8808,1.896123705642995
cifar10,sweep_capacity_clean_v1_w256_s17,pruned,10,1479690,2406698,256,17,True,45000,0,1.0,1.6275055374011833e-09,5000,442,0.9116,0.9776034370928471,10000,971,0.9029,1.1145084110099346
cifar10,sweep_capacity_clean_v1_w256_s17,root,10,1479690,2406698,256,17,True,45000,0,1.0,1.6275055374011833e-09,5000,442,0.9116,0.9776034370928471,10000,971,0.9029,1.1145084110099346
cifar10,sweep_capacity_clean_v1_w256_s17,root_refit,10,1479690,2406698,256,17,True,45000,0,1.0,1.86549797915801e-09,5000,443,0.9114,0.9818230747906745,10000,970,0.903,1.1178384720919698
cifar10,sweep_capacity_clean_v1_w256_s17,tree,10,1479690,2406698,256,17,True,45000,0,1.0,1.6275055374011833e-09,5000,442,0.9116,0.9776034370928471,10000,971,0.9029,1.1145084110099346
cifar10,sweep_capacity_clean_v1_w256_s29,root,10,1479690,2406698,256,29,True,45000,0,1.0,1.4972414324606064e-09,5000,431,0.9138,0.9671934323894846,,,,
cifar10,sweep_capacity_clean_v1_w256_s29,tree,10,1479690,2406698,256,29,True,45000,0,1.0,1.4972414324606064e-09,5000,431,0.9138,0.9671934323894846,,,,
cifar10,sweep_capacity_clean_v1_w256_s43,root,10,1479690,2406698,256,43,True,45000,0,1.0,1.659970677643078e-09,5000,438,0.9124,0.9872696868921276,,,,
cifar10,sweep_capacity_clean_v1_w256_s43,tree,10,1479690,2406698,256,43,True,45000,0,1.0,1.659970677643078e-09,5000,438,0.9124,0.9872696868921276,,,,
cifar10,sweep_capacity_clean_v1_w2_s17,root,10,11570,938578,2,17,True,45000,3842,0.9146222222222222,0.23240243033020097,5000,639,0.8722,0.6166735019730948,,,,
cifar10,sweep_capacity_clean_v1_w2_s17,tree,64,74102,1001110,2,17,True,45000,2516,0.9440888888888889,0.1709639092312277,5000,575,0.885,0.6436475839942957,,,,
cifar10,sweep_capacity_clean_v1_w2_s29,root,10,11570,938578,2,29,True,45000,3708,0.9176,0.23737367556711148,5000,620,0.876,0.5670402828267306,,,,
cifar10,sweep_capacity_clean_v1_w2_s29,tree,58,67154,994162,2,29,True,45000,2902,0.9355111111111111,0.19766609092397947,5000,612,0.8776,0.5892699648236838,,,,
cifar10,sweep_capacity_clean_v1_w2_s43,root,10,11570,938578,2,43,True,45000,3866,0.9140888888888888,0.22720616784849706,5000,599,0.8802,0.5492659582852369,,,,
cifar10,sweep_capacity_clean_v1_w2_s43,tree,55,63680,990688,2,43,True,45000,2672,0.9406222222222222,0.1771191343283137,5000,612,0.8776,0.6209174515361916,,,,
cifar10,sweep_capacity_clean_v1_w32_s17,root,10,184970,1111978,32,17,True,45000,3,0.9999333333333333,0.00011575817288039023,5000,497,0.9006,1.1108975932285117,,,,
cifar10,sweep_capacity_clean_v1_w32_s17,tree,13,240464,1167472,32,17,True,45000,0,1.0,1.3676786617880742e-06,5000,495,0.901,1.221688297083838,,,,
cifar10,sweep_capacity_clean_v1_w32_s29,root,10,184970,1111978,32,29,True,45000,0,1.0,5.295323897679151e-07,5000,480,0.904,1.0683217997228212,,,,
cifar10,sweep_capacity_clean_v1_w32_s29,tree,10,184970,1111978,32,29,True,45000,0,1.0,5.295323897679151e-07,5000,480,0.904,1.0683217997228212,,,,
cifar10,sweep_capacity_clean_v1_w32_s43,root,10,184970,1111978,32,43,True,45000,0,1.0,6.662291629438709e-07,5000,494,0.9012,1.077292998882279,,,,
cifar10,sweep_capacity_clean_v1_w32_s43,tree,10,184970,1111978,32,43,True,45000,0,1.0,6.662291629438709e-07,5000,494,0.9012,1.077292998882279,,,,
cifar10,sweep_capacity_clean_v1_w4_s17,root,10,23130,950138,4,17,True,45000,1879,0.9582444444444445,0.13291141579008361,5000,590,0.882,0.6611824267350832,,,,
cifar10,sweep_capacity_clean_v1_w4_s17,tree,56,129574,1056582,4,17,True,45000,1063,0.9763777777777778,0.08092758228911888,5000,581,0.8838,0.8055420223693142,,,,
cifar10,sweep_capacity_clean_v1_w4_s29,root,10,23130,950138,4,29,True,45000,1988,0.9558222222222222,0.14006486987066258,5000,567,0.8866,0.6475692606064927,,,,
cifar10,sweep_capacity_clean_v1_w4_s29,tree,55,127260,1054268,4,29,True,45000,1025,0.9772222222222222,0.0778262429011003,5000,570,0.886,0.7914034008427917,,,,
cifar10,sweep_capacity_clean_v1_w4_s43,root,10,23130,950138,4,43,True,45000,2052,0.9544,0.13634919708788842,5000,586,0.8828,0.6362816752738177,,,,
cifar10,sweep_capacity_clean_v1_w4_s43,tree,60,138830,1065838,4,43,True,45000,1085,0.9758888888888889,0.07808366919041913,5000,571,0.8858,0.7524377883415809,,,,
cifar10,sweep_capacity_clean_v1_w64_s17,pruned,10,369930,1296938,64,17,True,45000,0,1.0,2.8296600539932917e-08,5000,457,0.9086,1.0551573064984532,10000,1003,0.8997,1.1532869628480358
cifar10,sweep_capacity_clean_v1_w64_s17,root,10,369930,1296938,64,17,True,45000,0,1.0,2.8296600539932917e-08,5000,457,0.9086,1.0551573064984532,10000,1003,0.8997,1.1532869628480358
cifar10,sweep_capacity_clean_v1_w64_s17,root_refit,10,369930,1296938,64,17,True,45000,0,1.0,2.0043780530455902e-08,5000,461,0.9078,1.0954134256269727,10000,1021,0.8979,1.1978221100383912
cifar10,sweep_capacity_clean_v1_w64_s17,tree,10,369930,1296938,64,17,True,45000,0,1.0,2.8296600539932917e-08,5000,457,0.9086,1.0551573064984532,10000,1003,0.8997,1.1532869628480358
cifar10,sweep_capacity_clean_v1_w64_s29,root,10,369930,1296938,64,29,True,45000,0,1.0,4.293744514667573e-08,5000,463,0.9074,1.0176093599914315,,,,
cifar10,sweep_capacity_clean_v1_w64_s29,tree,10,369930,1296938,64,29,True,45000,0,1.0,4.293744514667573e-08,5000,463,0.9074,1.0176093599914315,,,,
cifar10,sweep_capacity_clean_v1_w64_s43,root,10,369930,1296938,64,43,True,45000,0,1.0,1.4429251920105268e-07,5000,441,0.9118,1.011128050376347,,,,
cifar10,sweep_capacity_clean_v1_w64_s43,tree,10,369930,1296938,64,43,True,45000,0,1.0,1.4429251920105268e-07,5000,441,0.9118,1.011128050376347,,,,
cifar10,sweep_capacity_clean_v1_w8_s17,root,10,46250,973258,8,17,True,45000,448,0.9900444444444444,0.033137476943539676,5000,556,0.8888,0.8245428007322564,,,,
cifar10,sweep_capacity_clean_v1_w8_s17,tree,44,203534,1130542,8,17,True,45000,86,0.9980888888888889,0.007514497276543236,5000,561,0.8878,1.5671048898557562,,,,
cifar10,sweep_capacity_clean_v1_w8_s29,root,10,46250,973258,8,29,True,45000,448,0.9900444444444444,0.03319817373683928,5000,568,0.8864,0.9169610166887218,,,,
cifar10,sweep_capacity_clean_v1_w8_s29,tree,41,189656,1116664,8,29,True,45000,66,0.9985333333333334,0.005275972223448545,5000,563,0.8874,1.7472477838498144,,,,
cifar10,sweep_capacity_clean_v1_w8_s43,root,10,46250,973258,8,43,True,45000,435,0.9903333333333333,0.030591893344170493,5000,538,0.8924,0.8736577880059018,,,,
cifar10,sweep_capacity_clean_v1_w8_s43,tree,42,194282,1121290,8,43,True,45000,68,0.9984888888888889,0.006482071044410623,5000,555,0.889,1.6297974367361219,,,,
cifar10,baseline_v1,pruned,10,369930,1296938,64,17,False,2000,0,1.0,0.0003679254025585017,500,63,0.874,2.575878019237436,,,,
cifar10,baseline_v1,root,10,369930,1296938,64,17,False,2000,20,0.99,0.035970170846199655,500,65,0.87,0.5180543446471068,,,,
cifar10,baseline_v1,root_refit,10,369930,1296938,64,17,False,2000,0,1.0,1.704607414159406e-07,500,72,0.856,2.9919288623177964,,,,
cifar10,baseline_v1,tree,25,924840,1851848,64,17,False,2000,0,1.0,5.783759890070244e-08,500,63,0.874,2.684769237959338,,,,
