dataset,kind,width,measure,mean,sample_sd
cifar10,root,2,Training error (%),8.456296296296296,0.18920670430704187
cifar10,root,4,Training error (%),4.384444444444445,0.1943777663452866
cifar10,root,8,Training error (%),0.985925925925926,0.016679007776589233
cifar10,root,16,Training error (%),0.003703703703703704,0.002566001196398337
cifar10,root,32,Training error (%),0.0022222222222222222,0.0038490017945975053
cifar10,root,64,Training error (%),0.0,0.0
cifar10,root,128,Training error (%),0.0,0.0
cifar10,root,256,Training error (%),0.0,0.0
cifar10,root,2,Validation error (%),12.386666666666667,0.400166631958904
cifar10,root,4,Validation error (%),11.62,0.24576411454888997
cifar10,root,8,Validation error (%),11.08,0.3019933774108306
cifar10,root,16,Validation error (%),10.506666666666666,0.03055050463303828
cifar10,root,32,Validation error (%),9.806666666666667,0.18147543451754913
cifar10,root,64,Validation error (%),9.073333333333332,0.22744962812309266
cifar10,root,128,Validation error (%),9.006666666666666,0.0702376916856852
cifar10,root,256,Validation error (%),8.74,0.11135528725660078
cifar10,root,2,Validation log loss,0.5776599143616874,0.03493603679528208
cifar10,root,4,Validation log loss,0.6483444542051312,0.012468462201508903
cifar10,root,8,Validation log loss,0.8717205351422933,0.04623955418942896
cifar10,root,16,Validation log loss,1.0913767255429587,0.012401490246334083
cifar10,root,32,Validation log loss,1.0855041306112039,0.022444187696642484
cifar10,root,64,Validation log loss,1.0279649056220772,0.023771239821427002
cifar10,root,128,Validation log loss,1.0069832310389952,0.008024098747752187
cifar10,root,256,Validation log loss,0.9773555187914864,0.010040423114930712
cifar10,tree,2,Training error (%),5.992592592592593,0.4315080265241106
cifar10,tree,4,Training error (%),2.35037037037037,0.06745216259456123
cifar10,tree,8,Training error (%),0.16296296296296295,0.024478091321271555
cifar10,tree,16,Training error (%),0.0,0.0
cifar10,tree,32,Training error (%),0.0,0.0
cifar10,tree,64,Training error (%),0.0,0.0
cifar10,tree,128,Training error (%),0.0,0.0
cifar10,tree,256,Training error (%),0.0,0.0
cifar10,tree,2,Validation error (%),11.993333333333334,0.4272391992003232
cifar10,tree,4,Validation error (%),11.48,0.12165525060596384
cifar10,tree,8,Validation error (%),11.193333333333333,0.08326663997864524
cifar10,tree,16,Validation error (%),11.026666666666666,0.1404753833713704
cifar10,tree,32,Validation error (%),9.793333333333333,0.1677299416721217
cifar10,tree,64,Validation error (%),9.073333333333332,0.22744962812309266
cifar10,tree,128,Validation error (%),9.006666666666666,0.0702376916856852
cifar10,tree,256,Validation error (%),8.74,0.11135528725660078
cifar10,tree,2,Validation log loss,0.617945000118057,0.027310400349333998
cifar10,tree,4,Validation log loss,0.7831277371845623,0.02750236125601163
cifar10,tree,8,Validation log loss,1.6480500368138975,0.09144798314527242
cifar10,tree,16,Validation log loss,1.6866269649555006,0.0634430379614199
cifar10,tree,32,Validation log loss,1.122434365229646,0.08607338639194526
cifar10,tree,64,Validation log loss,1.0279649056220772,0.023771239821427002
cifar10,tree,128,Validation log loss,1.0069832310389952,0.008024098747752187
cifar10,tree,256,Validation log loss,0.9773555187914864,0.010040423114930712
catsdogs,root,1,Training error (%),0.9479667353322652,0.07468059796464441
catsdogs,root,2,Training error (%),0.48256656748302434,0.0238231403005966
catsdogs,root,4,Training error (%),0.15068284122987716,0.008740702859074995
catsdogs,root,8,Training error (%),0.030518043793392843,0.014400386120528626
catsdogs,root,16,Training error (%),0.013351644159609368,0.008740702859074998
catsdogs,root,32,Training error (%),0.007629510948348211,0.006607350299721054
catsdogs,root,64,Training error (%),0.0,0.0
catsdogs,root,128,Training error (%),0.0,0.0
catsdogs,root,1,Validation error (%),2.376502002670227,0.08010680907877177
catsdogs,root,2,Validation error (%),2.4744103248776144,0.2779260346416733
catsdogs,root,4,Validation error (%),2.438807298620383,0.12619000337123112
catsdogs,root,8,Validation error (%),2.3052959501557635,0.05558520692833489
catsdogs,root,16,Validation error (%),2.091677792612372,0.09377528929997989
catsdogs,root,32,Validation error (%),2.1361815754339117,0.0
catsdogs,root,64,Validation error (%),2.1361815754339117,0.026702269692923775
catsdogs,root,128,Validation error (%),2.1361815754339117,0.04624968778555084
catsdogs,root,1,Validation log loss,0.10433676798904334,0.01630613636563934
catsdogs,root,2,Validation log loss,0.10733847063756859,0.018977211213449342
catsdogs,root,4,Validation log loss,0.09983083822982307,0.03093274786864982
catsdogs,root,8,Validation log loss,0.09259369120376479,0.0043795989295707
catsdogs,root,16,Validation log loss,0.089517150322625,0.004325732585466392
catsdogs,root,32,Validation log loss,0.0927980773764117,0.0026515476808131235
catsdogs,root,64,Validation log loss,0.09173460627407166,0.003383409843553922
catsdogs,root,128,Validation log loss,0.09362183289292834,0.002416075034384006
catsdogs,tree,1,Training error (%),0.8354314488441291,0.11824203662034692
catsdogs,tree,2,Training error (%),0.14305333028152895,0.034806377490834386
catsdogs,tree,4,Training error (%),0.015259021896696423,0.011911570150298312
catsdogs,tree,8,Training error (%),0.0,0.0
catsdogs,tree,16,Training error (%),0.0,0.0
catsdogs,tree,32,Training error (%),0.0,0.0
catsdogs,tree,64,Training error (%),0.0,0.0
catsdogs,tree,128,Training error (%),0.0,0.0
catsdogs,tree,1,Validation error (%),2.403204272363151,0.05340453938584777
catsdogs,tree,2,Validation error (%),2.4477080551846906,0.2004153137373866
catsdogs,tree,4,Validation error (%),2.4922118380062304,0.10109316147396995
catsdogs,tree,8,Validation error (%),2.340898976412995,0.17779247312361515
catsdogs,tree,16,Validation error (%),2.109479305740988,0.07064756504845361
catsdogs,tree,32,Validation error (%),2.109479305740988,0.04624968778555058
catsdogs,tree,64,Validation error (%),2.1361815754339117,0.026702269692923775
catsdogs,tree,128,Validation error (%),2.1361815754339117,0.04624968778555084
catsdogs,tree,1,Validation log loss,0.0916358242663285,0.0016265756741486045
catsdogs,tree,2,Validation log loss,0.14623078186585736,0.03743523823526152
catsdogs,tree,4,Validation log loss,0.2288389043832695,0.04430585883632581
catsdogs,tree,8,Validation log loss,0.3094005446319554,0.004833700624631301
catsdogs,tree,16,Validation log loss,0.20563055285977358,0.030373439664935626
catsdogs,tree,32,Validation log loss,0.13847686860546302,0.03966659325323459
catsdogs,tree,64,Validation log loss,0.09173460627407166,0.003383409843553922
catsdogs,tree,128,Validation log loss,0.09362183289292834,0.002416075034384006
