seed,epoch,noisy_train_err,val_err,test_err,test_logloss
17,1,0.1693751430533303,0.03257676902536716,0.029372496662216287,0.2278309864994632
17,10,0.1581597619592584,0.02590120160213618,0.025100133511348464,0.20443293326123793
17,20,0.15238040741588466,0.03471295060080107,0.030974632843791722,0.20930385042081026
17,30,0.1457427328908217,0.04085447263017356,0.03845126835781042,0.20530081275206682
17,40,0.13315403982604715,0.059813084112149535,0.053938584779706276,0.22413456560181658
17,50,0.12165255207141222,0.07236315086782376,0.06515353805073432,0.2275020221125842
17,60,0.11203936827649348,0.08331108144192256,0.08197596795727637,0.2442343462996483
17,70,0.09590295262073702,0.09826435246995995,0.09399198931909213,0.2572332702805943
17,80,0.08480201419089037,0.11935914552736983,0.10921228304405875,0.2844761111266674
17,90,0.07581826504921034,0.12496662216288384,0.11562082777036048,0.2975533575074057
17,100,0.06757839322499427,0.12416555407209613,0.11909212283044059,0.30515599936548254
17,110,0.0651750972762646,0.1308411214953271,0.1198931909212283,0.31267008551943815
17,120,0.05693522545204852,0.13324432576769024,0.11935914552736983,0.3248034578125164
17,130,0.051213092240787364,0.13858477970627503,0.12496662216288384,0.35662848988457424
17,140,0.041485465781643395,0.15433911882510012,0.139652870493992,0.39756528201638863
17,150,0.042000457770656904,0.14125500667556742,0.13297730307076103,0.38999150229358964
17,160,0.03370336461432822,0.1623497997329773,0.15327102803738318,0.4544152750698234
17,170,0.03181506065461204,0.15246995994659546,0.1506008010680908,0.46033319568869435
17,180,0.030842298008697644,0.15086782376502003,0.14552736982643524,0.4648466256251753
17,190,0.0217441062027924,0.16074766355140188,0.15727636849132176,0.5091186672285837
17,200,0.020084687571526667,0.1623497997329773,0.15220293724966621,0.5220427283351236
17,210,0.012703135728999771,0.16902536715620828,0.1602136181575434,0.5776339098458037
17,220,0.012874799725337605,0.17436582109479307,0.17036048064085446,0.6116489245428026
17,230,0.01121538109407187,0.16608811748998664,0.15994659546061415,0.6051845752680731
17,240,0.009155413138017853,0.1671562082777036,0.15727636849132176,0.629841563104723
17,250,0.006466010528725108,0.18371161548731643,0.17890520694259013,0.7255862678449041
17,260,0.009498741130693522,0.1671562082777036,0.157543391188251,0.6811601161432639
17,270,0.006294346532387274,0.17489986648865152,0.16902536715620828,0.7379802924869173
17,280,0.00400549324788281,0.18691588785046728,0.17703604806408546,0.8100719285891724
17,290,0.0032043945983062485,0.17863818424566089,0.16822429906542055,0.7951253155349574
17,300,0.002861066605630579,0.18210947930574098,0.1759679572763685,0.8510216214146052
17,310,0.0025177386129549098,0.18851802403204274,0.18237650200267022,0.9195543646785511
17,320,0.0022888532845044634,0.17890520694259013,0.1676902536715621,0.8890285468445382
17,330,0.0023460746166170748,0.1802403204272363,0.169826435246996,0.9255898634723595
17,340,0.002002746623941405,0.18878504672897195,0.17837116154873164,0.9834942448217452
17,350,0.002059967956054017,0.18050734312416555,0.17036048064085446,0.974808740832938
17,360,0.0018883039597161822,0.18878504672897195,0.17943925233644858,1.0355221378608335
17,370,0.0019455252918287938,0.18050734312416555,0.17570093457943925,1.051196261685778
17,380,0.0018310826276035706,0.18477970627503337,0.17570093457943925,1.089739297836021
17,390,0.0018310826276035706,0.18451268357810413,0.17837116154873164,1.1078644625329965
17,400,0.0018310826276035706,0.18691588785046728,0.17917222963951937,1.1469201869782677
17,410,0.0018310826276035706,0.18691588785046728,0.17409879839786382,1.1560321802587226
17,420,0.012073701075761044,0.1732977303070761,0.16955941255006676,1.1528710702293088
17,430,0.0017166399633783474,0.18798397863818425,0.18157543391188252,1.2253034627581125
17,440,0.0017166399633783474,0.1834445927903872,0.1781041388518024,1.2159532494163117
17,450,0.0017166399633783474,0.1903871829105474,0.18317757009345795,1.2859457117043311
17,460,0.0017166399633783474,0.19145527369826434,0.18371161548731643,1.2987115861383773
17,470,0.0017166399633783474,0.18958611481975968,0.18184245660881174,1.321040729320237
17,480,0.008411535820553902,0.19973297730307077,0.18744993324432577,1.4263525892804627
17,490,0.0017166399633783474,0.1890520694259012,0.17997329773030707,1.3521590428919208
17,500,0.0017166399633783474,0.1890520694259012,0.1802403204272363,1.3580896939320526
17,510,0.0017166399633783474,0.18798397863818425,0.17650200267022698,1.3564211332674692
17,520,0.0017166399633783474,0.1903871829105474,0.17970627503337783,1.3924275220756812
17,530,0.0017166399633783474,0.1903871829105474,0.1802403204272363,1.4032630769632675
17,540,0.0017166399633783474,0.18851802403204274,0.17863818424566089,1.4086445074487626
17,550,0.002059967956054017,0.19279038718291056,0.17917222963951937,1.4442318602342057
17,560,0.0017166399633783474,0.1890520694259012,0.17863818424566089,1.448675106102325
17,570,0.0017166399633783474,0.19145527369826434,0.17943925233644858,1.464932841549812
17,580,0.0017166399633783474,0.1911882510013351,0.17783711615487316,1.468683311640641
17,590,0.0017166399633783474,0.1903871829105474,0.17703604806408546,1.472401379267626
17,600,0.0017166399633783474,0.19279038718291056,0.17837116154873164,1.4972581620030145
17,610,0.0017166399633783474,0.18985313751668892,0.17863818424566089,1.4980475555279218
17,620,0.0016594186312657358,0.19065420560747665,0.17783711615487316,1.5144311518877782
17,630,0.0017166399633783474,0.1930574098798398,0.18130841121495328,1.5390354708074852
17,640,0.0365644312199588,0.1930574098798398,0.18931909212283043,1.6805159585208558
17,650,0.0016594186312657358,0.19198931909212283,0.18531375166889186,1.6031135151891525
17,660,0.0016594186312657358,0.18798397863818425,0.18184245660881174,1.573384440782814
17,670,0.0016021972991531242,0.18718291054739652,0.1802403204272363,1.5626324333104464
17,680,0.0016594186312657358,0.1890520694259012,0.18264352469959946,1.5887450567171129
17,690,0.0016594186312657358,0.18851802403204274,0.18184245660881174,1.5907333229246705
17,700,0.0016594186312657358,0.18878504672897195,0.1834445927903872,1.6053512974704836
17,710,0.0016594186312657358,0.1890520694259012,0.18157543391188252,1.6159018182393823
17,720,0.00801098649576562,0.18477970627503337,0.187716955941255,1.6859914770229225
17,730,0.0016594186312657358,0.18611481975967958,0.17970627503337783,1.6225228717219724
17,740,0.0016594186312657358,0.187716955941255,0.18477970627503337,1.6466690696407045
17,750,0.0016594186312657358,0.18985313751668892,0.18184245660881174,1.6507241601971214
17,760,0.0016594186312657358,0.18798397863818425,0.18237650200267022,1.6480501989766825
17,770,0.0016594186312657358,0.18931909212283043,0.1829105473965287,1.6643513691755074
17,780,0.0016594186312657358,0.19065420560747665,0.18477970627503337,1.6887816330456804
17,790,0.0016594186312657358,0.1930574098798398,0.18531375166889186,1.7054509824346986
17,800,0.0016594186312657358,0.1890520694259012,0.18210947930574098,1.683157349598435
17,810,0.0016021972991531242,0.19279038718291056,0.18504672897196262,1.7206305400729098
17,820,0.0016594186312657358,0.1938584779706275,0.18691588785046728,1.7636602732522886
17,830,0.0016594186312657358,0.19145527369826434,0.17837116154873164,1.7175765151988243
17,840,0.0016594186312657358,0.19198931909212283,0.17917222963951937,1.726769650434945
17,850,0.0016594186312657358,0.19012016021361816,0.17943925233644858,1.7277396524236983
17,860,0.0016594186312657358,0.1890520694259012,0.17970627503337783,1.7368954371914584
17,870,0.0016021972991531242,0.1890520694259012,0.17890520694259013,1.7327562641549585
17,880,0.0016594186312657358,0.1903871829105474,0.18237650200267022,1.7483576622135677
17,890,0.0016594186312657358,0.18744993324432577,0.17917222963951937,1.7333980558880528
17,900,0.0016021972991531242,0.1917222963951936,0.18104138851802404,1.772383803238859
17,910,0.0016594186312657358,0.1903871829105474,0.18050734312416555,1.7569147767287916
17,920,0.001773861295490959,0.20213618157543392,0.1930574098798398,1.8982062269513724
17,930,0.0016594186312657358,0.1959946595460614,0.18851802403204274,1.8086283359405109
17,940,0.0016594186312657358,0.19439252336448598,0.18798397863818425,1.8031705601458528
17,950,0.0016594186312657358,0.1965287049399199,0.1882510013351135,1.822843054607231
17,960,0.0016594186312657358,0.19465954606141522,0.18718291054739652,1.8188685210752236
17,970,0.0016594186312657358,0.1951935914552737,0.18718291054739652,1.8290678995679632
17,980,0.0016594186312657358,0.1951935914552737,0.1890520694259012,1.8440756799941964
17,990,0.0016594186312657358,0.19439252336448598,0.1855807743658211,1.8265991864556668
17,1000,0.0016594186312657358,0.193324432576769,0.18851802403204274,1.8551995307648155
29,1,0.16794460975051498,0.029105473965287048,0.029906542056074768,0.22316232350001158
29,10,0.1581025406271458,0.0267022696929239,0.02349799732977303,0.20144064201871217
29,20,0.15552758068207828,0.03497997329773031,0.03391188251001335,0.21564003730033104
29,30,0.1472304875257496,0.04432576769025367,0.04138851802403204,0.21649586128035211
29,40,0.13521400778210116,0.05473965287049399,0.04619492656875834,0.20536696925628095
29,50,0.12342641336690319,0.06381842456608812,0.05714285714285714,0.21072655694632472
29,60,0.1116388189517052,0.07369826435246996,0.07076101468624833,0.21704259778574506
29,70,0.10099565117875944,0.08678237650200267,0.08197596795727637,0.23219334156567034
29,80,0.08474479285877776,0.10787716955941255,0.10467289719626169,0.2713759080041663
29,90,0.07970931563286793,0.1081441922563418,0.102803738317757,0.25729217327285836
29,100,0.07267109178301671,0.10867823765020027,0.10947930574098798,0.2715632208818826
29,110,0.0563057907988098,0.1369826435246996,0.13457943925233645,0.32940571719311995
29,120,0.056649118791485466,0.12309746328437918,0.12817089452603472,0.31583509705129487
29,130,0.04440375371938659,0.1423230974632844,0.14205607476635515,0.36091354724844904
29,140,0.03988326848249027,0.13805073431241655,0.14152202937249667,0.3732279328892068
29,150,0.03942549782558938,0.13324432576769024,0.1348464619492657,0.37196098388014615
29,160,0.03107118333714809,0.14632843791722297,0.1479305740987984,0.4152713087386874
29,170,0.02712291142137789,0.1473965287049399,0.15433911882510012,0.44927585022524424
29,180,0.021400778210116732,0.1554072096128171,0.15781041388518025,0.4836581104878679
29,190,0.020485236896314946,0.15647530040053403,0.16528704939919894,0.5331254233117957
29,200,0.019398031586175327,0.14606141522029373,0.15433911882510012,0.5105859712613475
29,210,0.013675898374914168,0.15620827770360482,0.1628838451268358,0.5628709630914439
29,220,0.01230258640421149,0.15380507343124167,0.15994659546061415,0.5839295002225089
29,230,0.010357061112382696,0.16074766355140188,0.16475300400534046,0.612627900112148
29,240,0.007724879835202564,0.1658210947930574,0.169826435246996,0.6700943007811819
29,250,0.007381551842526894,0.17036048064085446,0.17543391188251,0.7123554111219413
29,260,0.00686655985351339,0.16608811748998664,0.17249666221628837,0.7161870476696583
29,270,0.0065232318608377205,0.1671562082777036,0.169826435246996,0.7547272437196041
29,280,0.0050354772259098195,0.1671562082777036,0.1711615487316422,0.7601697063917084
29,290,0.004978255893797207,0.17863818424566089,0.17730307076101468,0.8372882482719662
29,300,0.0037766079194323644,0.17783711615487316,0.17943925233644858,0.8774230587877366
29,310,0.0034905012588693067,0.17249666221628837,0.1711615487316422,0.8683108671317794
29,320,0.00360494392309453,0.17356475300400534,0.17650200267022698,0.9212110910873537
29,330,0.0033760585946440835,0.1679572763684913,0.17222963951935916,0.9150611825473342
29,340,0.004119935912108034,0.17089452603471295,0.17222963951935916,0.9546692700884032
29,350,0.0032043945983062485,0.17489986648865152,0.1781041388518024,1.0034626386546879
29,360,0.003147173266193637,0.1727636849132176,0.17222963951935916,1.0024844827500112
29,370,0.0032043945983062485,0.18611481975967958,0.18157543391188252,1.0977208027716099
29,380,0.0030899519340810253,0.17543391188251,0.17730307076101468,1.0937007447357905
29,390,0.0032043945983062485,0.17543391188251,0.17863818424566089,1.1154847055255344
29,400,0.0030899519340810253,0.17543391188251,0.17837116154873164,1.1428114926614898
29,410,0.003147173266193637,0.17943925233644858,0.17890520694259013,1.1866958888063133
29,420,0.010528725108720532,0.1829105473965287,0.17970627503337783,1.2450234978428258
29,430,0.0030899519340810253,0.17676902536715622,0.17783711615487316,1.2226736438255776
29,440,0.0030899519340810253,0.17783711615487316,0.17730307076101468,1.2429802356451727
29,450,0.0030899519340810253,0.1829105473965287,0.18237650200267022,1.2769479811336262
29,460,0.003032730601968414,0.17703604806408546,0.17943925233644858,1.2641135270277541
29,470,0.0030899519340810253,0.1759679572763685,0.17516688918558077,1.2594503974367617
29,480,0.0030899519340810253,0.1807743658210948,0.17890520694259013,1.3103679557040497
29,490,0.018997482261387044,0.17997329773030707,0.17757009345794392,1.3556715689890702
29,500,0.0030899519340810253,0.1834445927903872,0.1781041388518024,1.3701552493769371
29,510,0.003032730601968414,0.1829105473965287,0.17783711615487316,1.3768787923816108
29,520,0.003032730601968414,0.17890520694259013,0.17356475300400534,1.3644229971141926
29,530,0.012359807736324101,0.19359145527369825,0.1938584779706275,1.4965059052380276
29,540,0.002975509269855802,0.1807743658210948,0.17543391188251,1.3889017738799698
29,550,0.002975509269855802,0.1802403204272363,0.17623497997329773,1.4095336248312669
29,560,0.002975509269855802,0.18104138851802404,0.17703604806408546,1.4178102088525615
29,570,0.002975509269855802,0.18050734312416555,0.17703604806408546,1.4185053492119435
29,580,0.002975509269855802,0.1807743658210948,0.17650200267022698,1.4442795997947946
29,590,0.002975509269855802,0.17970627503337783,0.17837116154873164,1.4550606260429901
29,600,0.0029182879377431907,0.18397863818424567,0.18184245660881174,1.4911642219735186
29,610,0.002975509269855802,0.17890520694259013,0.17570093457943925,1.4973990238505546
29,620,0.002975509269855802,0.17703604806408546,0.17436582109479307,1.502866548285844
29,630,0.002975509269855802,0.17917222963951937,0.17623497997329773,1.5131585887388335
29,640,0.0029182879377431907,0.18050734312416555,0.1781041388518024,1.5368547444781253
29,650,0.002975509269855802,0.17997329773030707,0.17757009345794392,1.5310913109539466
29,660,0.002975509269855802,0.18184245660881174,0.17863818424566089,1.5576219333552233
29,670,0.002975509269855802,0.17917222963951937,0.17783711615487316,1.538831838138337
29,680,0.002975509269855802,0.1807743658210948,0.17650200267022698,1.5513819960756838
29,690,0.002975509269855802,0.17970627503337783,0.17730307076101468,1.5640113655275847
29,700,0.02889677271686885,0.16742323097463285,0.16742323097463285,1.489191226343605
29,710,0.002975509269855802,0.1829105473965287,0.17730307076101468,1.5825746928989863
29,720,0.002975509269855802,0.18317757009345795,0.17837116154873164,1.5940191902242442
29,730,0.0033188372625314717,0.18157543391188252,0.18237650200267022,1.6205421993614257
29,740,0.002975509269855802,0.18477970627503337,0.17863818424566089,1.601862944226714
29,750,0.010013733119707028,0.1746328437917223,0.17169559412550067,1.5804780110192505
29,760,0.002975509269855802,0.1829105473965287,0.17783711615487316,1.623387075197448
29,770,0.002975509269855802,0.18611481975967958,0.18210947930574098,1.6600776511994138
29,780,0.002975509269855802,0.18504672897196262,0.18130841121495328,1.6525945981929717
29,790,0.002975509269855802,0.18184245660881174,0.17676902536715622,1.6432205303487804
29,800,0.0029182879377431907,0.18157543391188252,0.17703604806408546,1.646341629124565
29,810,0.002975509269855802,0.18504672897196262,0.1781041388518024,1.6694697606058528
29,820,0.002975509269855802,0.1829105473965287,0.17863818424566089,1.6738844090121383
29,830,0.002975509269855802,0.18050734312416555,0.17837116154873164,1.6778490852513044
29,840,0.002975509269855802,0.18264352469959946,0.1781041388518024,1.6905694821183623
29,850,0.012760357061112382,0.19973297730307077,0.18718291054739652,1.8133447576843047
29,860,0.002975509269855802,0.18237650200267022,0.17730307076101468,1.6992461976700686
29,870,0.002975509269855802,0.1834445927903872,0.17943925233644858,1.7090976483551608
29,880,0.002975509269855802,0.18184245660881174,0.17703604806408546,1.7036879963326532
29,890,0.002975509269855802,0.1807743658210948,0.17650200267022698,1.7061370959642075
29,900,0.002975509269855802,0.18451268357810413,0.1781041388518024,1.7317768506982025
29,910,0.0029182879377431907,0.18504672897196262,0.17783711615487316,1.732050859892368
29,920,0.002975509269855802,0.18210947930574098,0.17570093457943925,1.716078610837525
29,930,0.002975509269855802,0.18851802403204274,0.17917222963951937,1.7700158224109641
29,940,0.002975509269855802,0.18050734312416555,0.1759679572763685,1.7350105893439989
29,950,0.006694895857175555,0.1882510013351135,0.1890520694259012,1.8728713017039569
29,960,0.0029182879377431907,0.18504672897196262,0.17757009345794392,1.7436467810867085
29,970,0.002975509269855802,0.18531375166889186,0.17703604806408546,1.7568327606870886
29,980,0.002975509269855802,0.18718291054739652,0.1759679572763685,1.766941672241844
29,990,0.002975509269855802,0.187716955941255,0.1781041388518024,1.7745324207848703
29,1000,0.0071526665140764474,0.1855807743658211,0.17917222963951937,1.7870955374950206
43,1,0.17229343099107347,0.0376502002670227,0.0376502002670227,0.2411341904568396
43,10,0.15787365529869535,0.02563417890520694,0.026168224299065422,0.20646759801752723
43,20,0.15203707942320896,0.03257676902536716,0.03578104138851802,0.22650877287188223
43,30,0.14562829022659649,0.03925233644859813,0.04005340453938585,0.19987844466012133
43,40,0.13481345845731288,0.051535380507343125,0.056875834445927906,0.21996022872383156
43,50,0.12428473334859236,0.06328437917222964,0.072630173564753,0.22807917500009464
43,60,0.11089494163424124,0.07663551401869159,0.08384512683578105,0.24961195090149188
43,70,0.09990844586861983,0.09185580774365822,0.0979973297730307,0.26451062401139525
43,80,0.09161135271229114,0.09773030707610147,0.10040053404539385,0.2727103139606627
43,90,0.08222705424582284,0.10921228304405875,0.11295060080106809,0.2908636084144316
43,100,0.07330052643625544,0.11428571428571428,0.11802403204272363,0.30461813311504776
43,110,0.07129777981231403,0.11428571428571428,0.11855807743658212,0.3059544407391669
43,120,0.05710688944838636,0.1348464619492657,0.1383177570093458,0.3557595358577574
43,130,0.05642023346303502,0.13858477970627503,0.14072096128170894,0.38048001644754564
43,140,0.04921034561684596,0.1300400534045394,0.13538050734312418,0.36720230246780833
43,150,0.03856717784390021,0.15674232309746328,0.15460614152202937,0.4371770833231119
43,160,0.041084916456855115,0.13805073431241655,0.13911882510013351,0.40709714022650273
43,170,0.03416113527122911,0.16128170894526034,0.15380507343124167,0.46882099737764626
43,180,0.030842298008697644,0.15246995994659546,0.1492656875834446,0.4779006897592203
43,190,0.031357289997711146,0.14766355140186915,0.14632843791722297,0.48666192335375125
43,200,0.020542458228427558,0.1610146862483311,0.16154873164218958,0.5297534739361915
43,210,0.02197299153124285,0.16608811748998664,0.1650200267022697,0.5704088861787932
43,220,0.014763103685053788,0.1727636849132176,0.17036048064085446,0.6053201597743381
43,230,0.013847562371252002,0.1781041388518024,0.17142857142857143,0.6372727664874048
43,240,0.011329823758297093,0.17409879839786382,0.17169559412550067,0.6464039374949077
43,250,0.011902037079423208,0.16261682242990655,0.1671562082777036,0.646991419556378
43,260,0.008983749141680018,0.16902536715620828,0.169826435246996,0.6930193705460607
43,270,0.00829709315632868,0.16608811748998664,0.16635514018691588,0.7070873450104834
43,280,0.005722133211261158,0.18184245660881174,0.18237650200267022,0.7802195818528305
43,290,0.005664911879148546,0.17730307076101468,0.17703604806408546,0.790305431717604
43,300,0.005893797207598993,0.1732977303070761,0.1759679572763685,0.8134483245307899
43,310,0.005207141222247654,0.18584779706275034,0.18210947930574098,0.8706371175979324
43,320,0.004634927901121538,0.1781041388518024,0.17943925233644858,0.884786720796757
43,330,0.004520485236896315,0.1829105473965287,0.18104138851802404,0.924442649070567
43,340,0.00400549324788281,0.18157543391188252,0.18451268357810413,0.9568681005962898
43,350,0.005493247882810712,0.16875834445927904,0.16902536715620828,0.9320980232906725
43,360,0.00400549324788281,0.17863818424566089,0.17970627503337783,1.0073816659697699
43,370,0.0037766079194323644,0.18317757009345795,0.18237650200267022,1.0418884911242943
43,380,0.0029182879377431907,0.1965287049399199,0.19679572763684913,1.1484097293843611
43,390,0.0032616159304188603,0.18050734312416555,0.17837116154873164,1.1082563959073812
43,400,0.003147173266193637,0.18691588785046728,0.18878504672897195,1.1597340093295796
43,410,0.002861066605630579,0.18050734312416555,0.18477970627503337,1.1538883848596864
43,420,0.002861066605630579,0.18531375166889186,0.18397863818424567,1.197309927696858
43,430,0.003032730601968414,0.1834445927903872,0.18718291054739652,1.2363236973989757
43,440,0.002975509269855802,0.1842456608811749,0.18451268357810413,1.2471758865055815
43,450,0.0034905012588693067,0.1829105473965287,0.19012016021361816,1.306906614542867
43,460,0.002746623941405356,0.18531375166889186,0.19012016021361816,1.3170030106724302
43,470,0.002632181277180133,0.187716955941255,0.19012016021361816,1.3411942130668282
43,480,0.002632181277180133,0.18317757009345795,0.187716955941255,1.3321879872952993
43,490,0.002574959945067521,0.18718291054739652,0.19012016021361816,1.3750219855857582
43,500,0.002632181277180133,0.187716955941255,0.19012016021361816,1.3924102375798082
43,510,0.002574959945067521,0.18611481975967958,0.1909212283044059,1.4091334267842668
43,520,0.0028038452735179675,0.18878504672897195,0.19225634178905207,1.457737631605005
43,530,0.002574959945067521,0.18584779706275034,0.187716955941255,1.4525564230043093
43,540,0.002574959945067521,0.18718291054739652,0.18958611481975968,1.4757913562417557
43,550,0.002574959945067521,0.18531375166889186,0.18931909212283043,1.4712647375943853
43,560,0.002574959945067521,0.1834445927903872,0.18584779706275034,1.46061566254166
43,570,0.002574959945067521,0.18504672897196262,0.1890520694259012,1.4965510263774082
43,580,0.002574959945067521,0.18931909212283043,0.18851802403204274,1.5169422687873488
43,590,0.002574959945067521,0.18504672897196262,0.18798397863818425,1.5243382367768183
43,600,0.002574959945067521,0.1834445927903872,0.1855807743658211,1.5197858760780458
43,610,0.037537193865873196,0.19973297730307077,0.1959946595460614,1.7323331066061871
43,620,0.0025177386129549098,0.18504672897196262,0.187716955941255,1.5642156392153959
43,630,0.0025177386129549098,0.18371161548731643,0.18798397863818425,1.5622642005130651
43,640,0.0025177386129549098,0.1863818424566088,0.18878504672897195,1.58535375291097
43,650,0.0025177386129549098,0.1890520694259012,0.1911882510013351,1.6062124707521352
43,660,0.0025177386129549098,0.18611481975967958,0.18878504672897195,1.6000516277444266
43,670,0.0025177386129549098,0.18718291054739652,0.19145527369826434,1.6234965802603882
43,680,0.0025177386129549098,0.1882510013351135,0.18878504672897195,1.6427252888111805
43,690,0.002460517280842298,0.18851802403204274,0.1911882510013351,1.6489324951561133
43,700,0.002460517280842298,0.18691588785046728,0.18985313751668892,1.6571306395363044
43,710,0.002460517280842298,0.18851802403204274,0.193324432576769,1.6785738661033494
43,720,0.002460517280842298,0.18584779706275034,0.18931909212283043,1.6517531809402817
43,730,0.002460517280842298,0.18878504672897195,0.1911882510013351,1.6681190701076758
43,740,0.002460517280842298,0.18504672897196262,0.18931909212283043,1.67068472111971
43,750,0.002460517280842298,0.1890520694259012,0.19439252336448598,1.7178338622969116
43,760,0.0024032959487296866,0.18744993324432577,0.1938584779706275,1.7294663850548628
43,770,0.0024032959487296866,0.1903871829105474,0.1938584779706275,1.7461960273659956
43,780,0.0024032959487296866,0.18451268357810413,0.18985313751668892,1.7191661686626372
43,790,0.0024032959487296866,0.187716955941255,0.1917222963951936,1.7423240709927572
43,800,0.0024032959487296866,0.18878504672897195,0.19198931909212283,1.758157591341966
43,810,0.0024032959487296866,0.18878504672897195,0.193324432576769,1.7609125430976293
43,820,0.0024032959487296866,0.1890520694259012,0.19198931909212283,1.7601213978360053
43,830,0.0024032959487296866,0.18878504672897195,0.19198931909212283,1.7586880693746827
43,840,0.0024032959487296866,0.187716955941255,0.1911882510013351,1.7685436997168245
43,850,0.0024032959487296866,0.18451268357810413,0.18851802403204274,1.7561713097167622
43,860,0.0024032959487296866,0.18371161548731643,0.18931909212283043,1.75381282775289
43,870,0.002460517280842298,0.1834445927903872,0.1882510013351135,1.7815707515597448
43,880,0.0024032959487296866,0.1909212283044059,0.19279038718291056,1.8543523644844355
43,890,0.0024032959487296866,0.18798397863818425,0.19065420560747665,1.8335022256563622
43,900,0.0024032959487296866,0.18531375166889186,0.18931909212283043,1.8064004234755242
43,910,0.0024032959487296866,0.19145527369826434,0.19279038718291056,1.851552390065119
43,920,0.0024032959487296866,0.1925233644859813,0.19279038718291056,1.8755340834449992
43,930,0.0024032959487296866,0.1802403204272363,0.1882510013351135,1.7969691093459732
43,940,0.0024032959487296866,0.18985313751668892,0.1903871829105474,1.8459634364710429
43,950,0.0024032959487296866,0.19412550066755674,0.19198931909212283,1.9011082696654296
43,960,0.0024032959487296866,0.18531375166889186,0.18958611481975968,1.8438302266534747
43,970,0.0024032959487296866,0.193324432576769,0.19439252336448598,1.882017225432004
43,980,0.0024032959487296866,0.19198931909212283,0.19198931909212283,1.9037701845371715
43,990,0.0024032959487296866,0.19359145527369825,0.1930574098798398,1.9268595545691596
43,1000,0.0024032959487296866,0.18878504672897195,0.19145527369826434,1.9058687281122932
