dataset,width,seed,noise,epochs,params,noisy_train_err,clean_train_err,val_err,test_err,val_logloss,test_logloss,flipped,n_train,seconds
catsdogs,1,17,0.15,300,579,0.16113527122911422,0.027866788738841842,0.0376502002670227,0.03391188251001335,0.21275190800035018,0.21411388520299252,2621,17476,3.1
catsdogs,2,17,0.15,300,1157,0.15833142595559624,0.03799496452277409,0.048598130841121495,0.04539385847797063,0.22851047112652229,0.22748641333753641,2621,17476,3.1
catsdogs,4,17,0.15,300,2313,0.1388189517051957,0.05590524147402152,0.07957276368491321,0.07610146862483311,0.24420632766162392,0.2445269666548996,2621,17476,4.6
catsdogs,8,17,0.15,300,4625,0.08583199816891737,0.09859235523002975,0.14205607476635515,0.13377837116154873,0.3558773098984505,0.3675023740537648,2621,17476,5.4
catsdogs,16,17,0.15,300,9249,0.002861066605630579,0.14780270084687572,0.18210947930574098,0.1759679572763685,0.9140293423893847,0.8510216214146052,2621,17476,6.1
catsdogs,24,17,0.15,300,13873,5.722133211261158e-05,0.15003433279926756,0.17036048064085446,0.17142857142857143,1.007793801193713,1.0242962510756601,2621,17476,8.1
catsdogs,32,17,0.15,300,18497,0.0,0.14997711146715495,0.1628838451268358,0.1596795727636849,0.9495195579223895,0.9815041304216668,2621,17476,8.4
catsdogs,40,17,0.15,300,23121,5.722133211261158e-05,0.14991989013504234,0.1554072096128171,0.15113484646194927,0.8827095262427481,0.8518695273006115,2621,17476,9.9
catsdogs,48,17,0.15,300,27745,0.0,0.14997711146715495,0.15514018691588785,0.1423230974632844,0.8379148586005012,0.7819728402927527,2621,17476,10.7
catsdogs,64,17,0.15,300,36993,5.722133211261158e-05,0.14991989013504234,0.15033377837116155,0.1548731642189586,0.788012304562597,0.7896343406785785,2621,17476,12.8
catsdogs,96,17,0.15,300,55489,5.722133211261158e-05,0.14991989013504234,0.14419225634178906,0.13858477970627503,0.68556823201427,0.652568630557282,2621,17476,17.6
catsdogs,128,17,0.15,300,73985,5.722133211261158e-05,0.14991989013504234,0.1348464619492657,0.13244325767690254,0.6414114307917999,0.6554582242427447,2621,17476,21.9
catsdogs,256,17,0.15,300,147969,5.722133211261158e-05,0.14991989013504234,0.12550066755674233,0.12096128170894525,0.5826243743572597,0.5174318062944211,2621,17476,40.0
catsdogs,512,17,0.15,300,295937,5.722133211261158e-05,0.14991989013504234,0.12923898531375166,0.11134846461949266,0.5309598359669427,0.4557386465559352,2621,17476,77.7
catsdogs,1024,17,0.15,300,591873,0.0,0.14997711146715495,0.12656875834445927,0.10654205607476636,0.4942966269533591,0.41898033180531674,2621,17476,151.9
catsdogs,1,29,0.15,300,579,0.1634813458457313,0.030556191348134584,0.03951935914552737,0.038184245660881175,0.22478494110281638,0.2226304939808435,2621,17476,2.7
catsdogs,2,29,0.15,300,1157,0.15569924467841612,0.03833829251544976,0.053938584779706276,0.046461949265687585,0.22627736043475913,0.22412418067520432,2621,17476,3.0
catsdogs,4,29,0.15,300,2313,0.14373998626688028,0.05292973220416571,0.07716955941255006,0.07503337783711615,0.2530839146760002,0.25375398762686485,2621,17476,4.8
catsdogs,8,29,0.15,300,4625,0.08566033417257954,0.1146715495536736,0.15140186915887852,0.14766355140186915,0.4028785304648387,0.3913843949616874,2621,17476,5.4
catsdogs,16,29,0.15,300,9249,0.0037766079194323644,0.1466582742046235,0.17783711615487316,0.17943925233644858,0.880778438653668,0.8774230587877366,2621,17476,6.1
catsdogs,24,29,0.15,300,13873,0.00017166399633783476,0.14980544747081712,0.1636849132176235,0.1706275033377837,0.9819744015811696,1.120434638228824,2621,17476,7.6
catsdogs,32,29,0.15,300,18497,5.722133211261158e-05,0.14991989013504234,0.14846461949265688,0.15514018691588785,0.8581969526447475,0.8826452525186471,2621,17476,9.0
catsdogs,40,29,0.15,300,23121,5.722133211261158e-05,0.14991989013504234,0.15166889185580773,0.15514018691588785,0.8896064979279837,0.8773849455059144,2621,17476,9.8
catsdogs,48,29,0.15,300,27745,5.722133211261158e-05,0.14991989013504234,0.14979973297730306,0.145260347129506,0.8319878603912843,0.7590431523933623,2621,17476,11.1
catsdogs,64,29,0.15,300,36993,5.722133211261158e-05,0.14991989013504234,0.1417890520694259,0.12363150867823765,0.7204542718731002,0.6377462301466322,2621,17476,13.2
catsdogs,96,29,0.15,300,55489,5.722133211261158e-05,0.14991989013504234,0.13404539385847797,0.12977303070761015,0.6622809012478513,0.6387688706898779,2621,17476,17.3
catsdogs,128,29,0.15,300,73985,5.722133211261158e-05,0.14991989013504234,0.13244325767690254,0.1233644859813084,0.6238551129326532,0.558084549266377,2621,17476,21.2
catsdogs,256,29,0.15,300,147969,5.722133211261158e-05,0.14991989013504234,0.11909212283044059,0.10947930574098798,0.5603748412513144,0.48757724168763233,2621,17476,39.7
catsdogs,512,29,0.15,300,295937,5.722133211261158e-05,0.14991989013504234,0.11642189586114819,0.10360480640854472,0.49200690536556446,0.4329699057814278,2621,17476,75.3
catsdogs,1024,29,0.15,300,591873,5.722133211261158e-05,0.14991989013504234,0.10707610146862483,0.09959946595460614,0.43982923436239635,0.3921781359193572,2621,17476,152.0
catsdogs,1,43,0.15,300,579,0.1615358205539025,0.02883955138475624,0.03951935914552737,0.035246995994659545,0.21778464472689074,0.21952157570875233,2621,17476,2.8
catsdogs,2,43,0.15,300,1157,0.15684367132066834,0.03421835660334173,0.04753004005340454,0.04005340453938585,0.2215883406545889,0.22587875593093534,2621,17476,3.2
catsdogs,4,43,0.15,300,2313,0.1446555275806821,0.05636301213092241,0.08518024032042723,0.07476635514018691,0.25496052573237815,0.24711619303660293,2621,17476,4.6
catsdogs,8,43,0.15,300,4625,0.08817807278553445,0.10208285648889906,0.1444592790387183,0.1492656875834446,0.3623888268773222,0.36961978912043225,2621,17476,5.2
catsdogs,16,43,0.15,300,9249,0.005893797207598993,0.1446555275806821,0.1732977303070761,0.1759679572763685,0.7615862755081888,0.8134483245307899,2621,17476,6.2
catsdogs,24,43,0.15,300,13873,5.722133211261158e-05,0.15003433279926756,0.1676902536715621,0.1706275033377837,0.974271347023774,0.9737214356705975,2621,17476,7.8
catsdogs,32,43,0.15,300,18497,5.722133211261158e-05,0.15003433279926756,0.1636849132176235,0.16181575433911882,0.9308140115306276,0.9000861615608299,2621,17476,8.8
catsdogs,40,43,0.15,300,23121,5.722133211261158e-05,0.15003433279926756,0.157543391188251,0.145260347129506,0.8770420251430407,0.8104338014714879,2621,17476,9.7
catsdogs,48,43,0.15,300,27745,5.722133211261158e-05,0.15003433279926756,0.145260347129506,0.15380507343124167,0.792619683949769,0.828093191515993,2621,17476,10.7
catsdogs,64,43,0.15,300,36993,5.722133211261158e-05,0.15003433279926756,0.14125500667556742,0.13351134846461948,0.7368436231487966,0.6777835274297425,2621,17476,12.9
catsdogs,96,43,0.15,300,55489,5.722133211261158e-05,0.15003433279926756,0.13110814419225633,0.12550066755674233,0.6555906082272267,0.5853343342736768,2621,17476,17.0
catsdogs,128,43,0.15,300,73985,5.722133211261158e-05,0.15003433279926756,0.12763684913217624,0.11348464619492657,0.6176694491824212,0.5308086217124028,2621,17476,20.9
catsdogs,256,43,0.15,300,147969,5.722133211261158e-05,0.15003433279926756,0.11508678237650201,0.11241655540720961,0.5368386119118221,0.5168112734239696,2621,17476,38.6
catsdogs,512,43,0.15,300,295937,5.722133211261158e-05,0.15003433279926756,0.12496662216288384,0.11054739652870493,0.5312133113683914,0.4649077563808547,2621,17476,75.4
catsdogs,1024,43,0.15,300,591873,5.722133211261158e-05,0.15003433279926756,0.11241655540720961,0.09773030707610147,0.4675050985124835,0.39426975298870476,2621,17476,149.8
