dataset,width,seed,noise,epochs,params,noisy_train_err,clean_train_err,val_err,test_err,val_logloss,test_logloss,flipped,n_train,n_val,n_test,noisy_train_errors,clean_train_errors,val_errors,test_errors,seconds
cifar10,2,17,0.0,300,1184,0.3108666666666667,0.3108666666666667,0.3238,0.3246,0.8710682424298511,0.8878372576841924,0,45000,5000,10000,13989,13989,1619,3246,7.5
cifar10,4,17,0.0,300,2358,0.1537111111111111,0.1537111111111111,0.1706,0.1754,0.4939533690361817,0.5153428781908492,0,45000,5000,10000,6917,6917,853,1754,7.3
cifar10,8,17,0.0,300,4706,0.0876,0.0876,0.1252,0.1303,0.37728579049935845,0.4213703443361722,0,45000,5000,10000,3942,3942,626,1303,7.3
cifar10,16,17,0.0,300,9402,0.03571111111111111,0.03571111111111111,0.134,0.1462,0.6524702371213967,0.7608132017233237,0,45000,5000,10000,1607,1607,670,1462,7.7
cifar10,32,17,0.0,300,18794,0.0,0.0,0.1312,0.146,1.5604765061731727,1.764312153795093,0,45000,5000,10000,0,0,656,1460,8.4
cifar10,48,17,0.0,300,28186,0.0,0.0,0.1238,0.1298,1.395194098309442,1.4890343379619464,0,45000,5000,10000,0,0,619,1298,9.9
cifar10,64,17,0.0,300,37578,0.0,0.0,0.1116,0.125,1.3703870833954344,1.5213569354514116,0,45000,5000,10000,0,0,558,1250,10.8
cifar10,96,17,0.0,300,56362,0.0,0.0,0.1104,0.116,1.2588301856107758,1.4003629153221226,0,45000,5000,10000,0,0,552,1160,12.8
cifar10,128,17,0.0,300,75146,0.0,0.0,0.1004,0.1118,1.3403469303935218,1.457992321918913,0,45000,5000,10000,0,0,502,1118,15.0
cifar10,192,17,0.0,300,112714,0.0,0.0,0.0996,0.1097,1.2240130803280498,1.4346389191653666,0,45000,5000,10000,0,0,498,1097,19.7
cifar10,256,17,0.0,300,150282,0.0,0.0,0.0986,0.1096,1.202707411846652,1.3589236683433237,0,45000,5000,10000,0,0,493,1096,24.2
cifar10,512,17,0.0,300,300554,0.0,0.0,0.096,0.106,1.1097118810633457,1.2404274417093126,0,45000,5000,10000,0,0,480,1060,42.4
cifar10,1024,17,0.0,300,601098,0.0,0.0,0.0904,0.1045,1.0391901840463982,1.1836559955258585,0,45000,5000,10000,0,0,452,1045,113.1
cifar10,2,29,0.0,300,1184,0.3204444444444444,0.3204444444444444,0.3288,0.3323,0.8949741463577571,0.9253565768147121,0,45000,5000,10000,14420,14420,1644,3323,8.1
cifar10,4,29,0.0,300,2358,0.15064444444444444,0.15064444444444444,0.1666,0.1739,0.4895952530943325,0.5056265332425821,0,45000,5000,10000,6779,6779,833,1739,7.6
cifar10,8,29,0.0,300,4706,0.08735555555555556,0.08735555555555556,0.1226,0.1328,0.38805294309422644,0.4193153928994856,0,45000,5000,10000,3931,3931,613,1328,7.4
cifar10,16,29,0.0,300,9402,0.03735555555555556,0.03735555555555556,0.1384,0.148,0.6688775494019297,0.7493677516583811,0,45000,5000,10000,1681,1681,692,1480,8.0
cifar10,32,29,0.0,300,18794,0.0,0.0,0.1396,0.1462,1.602031680895907,1.7053645961139279,0,45000,5000,10000,0,0,698,1462,9.1
cifar10,48,29,0.0,300,28186,0.0,0.0,0.121,0.1291,1.4119762298542595,1.5411341793618267,0,45000,5000,10000,0,0,605,1291,10.7
cifar10,64,29,0.0,300,37578,0.0,0.0,0.1146,0.1252,1.2252825593977243,1.3853507505472444,0,45000,5000,10000,0,0,573,1252,12.0
cifar10,96,29,0.0,300,56362,0.0,0.0,0.1104,0.1159,1.3538506333179936,1.4257880823528375,0,45000,5000,10000,0,0,552,1159,13.5
cifar10,128,29,0.0,300,75146,0.0,0.0,0.1036,0.1137,1.1639869914507075,1.3406472548157016,0,45000,5000,10000,0,0,518,1137,16.4
cifar10,192,29,0.0,300,112714,0.0,0.0,0.1018,0.1111,1.3255741704198,1.4603489952749718,0,45000,5000,10000,0,0,509,1111,20.7
cifar10,256,29,0.0,300,150282,0.0,0.0,0.0984,0.1107,1.2016411701653802,1.381606072404377,0,45000,5000,10000,0,0,492,1107,25.0
cifar10,512,29,0.0,300,300554,0.0,0.0,0.0946,0.1062,1.132185620107873,1.2420447320566523,0,45000,5000,10000,0,0,473,1062,47.4
cifar10,1024,29,0.0,300,601098,0.010822222222222223,0.010822222222222223,0.1036,0.1159,1.3954941238153034,1.5768914611712164,0,45000,5000,10000,487,487,518,1159,130.5
cifar10,2,43,0.0,300,1184,0.3450888888888889,0.3450888888888889,0.3566,0.3641,0.9401658067671682,0.9564724581033148,0,45000,5000,10000,15529,15529,1783,3641,7.4
cifar10,4,43,0.0,300,2358,0.1512888888888889,0.1512888888888889,0.1636,0.1728,0.4765425192629292,0.5086139989326796,0,45000,5000,10000,6808,6808,818,1728,7.3
cifar10,8,43,0.0,300,4706,0.0860888888888889,0.0860888888888889,0.1242,0.133,0.38485347181207596,0.42140110553932747,0,45000,5000,10000,3874,3874,621,1330,7.3
cifar10,16,43,0.0,300,9402,0.03531111111111111,0.03531111111111111,0.1374,0.1492,0.6821675413386848,0.7475121844577131,0,45000,5000,10000,1589,1589,687,1492,8.3
cifar10,32,43,0.0,300,18794,0.0,0.0,0.1386,0.1399,1.6779741019787608,1.6958860922952321,0,45000,5000,10000,0,0,693,1399,9.2
cifar10,48,43,0.0,300,28186,0.0,0.0,0.1234,0.1291,1.4271779062568297,1.5127687931370493,0,45000,5000,10000,0,0,617,1291,10.8
cifar10,64,43,0.0,300,37578,0.0,0.0,0.1154,0.123,1.277219099139574,1.4611619106992293,0,45000,5000,10000,0,0,577,1230,11.3
cifar10,96,43,0.0,300,56362,0.0,0.0,0.1058,0.1156,1.3288063371464565,1.6004242687807695,0,45000,5000,10000,0,0,529,1156,13.3
cifar10,128,43,0.0,300,75146,0.0,0.0,0.1016,0.1153,1.2202946225399356,1.3446950861516411,0,45000,5000,10000,0,0,508,1153,16.8
cifar10,192,43,0.0,300,112714,0.0,0.0,0.0952,0.1097,1.1215499276972825,1.325728802166569,0,45000,5000,10000,0,0,476,1097,21.3
cifar10,256,43,0.0,300,150282,0.0,0.0,0.0964,0.1057,1.2202136579582548,1.3720456393740137,0,45000,5000,10000,0,0,482,1057,25.3
cifar10,512,43,0.0,300,300554,0.0,0.0,0.0946,0.1058,1.092784329663862,1.2221544835802447,0,45000,5000,10000,0,0,473,1058,61.1
cifar10,1024,43,0.0,300,601098,0.0,0.0,0.0934,0.103,1.0541013794886425,1.180353372569642,0,45000,5000,10000,0,0,467,1030,138.7
