sample_id,label,root,root_refit,tree,pruned
cifar10:train:13,2,2,2,2,2
cifar10:train:36,3,3,3,3,3
cifar10:train:40,5,5,5,5,5
cifar10:train:88,9,9,9,9,9
cifar10:train:149,4,4,4,4,4
cifar10:train:176,1,1,1,1,1
cifar10:train:192,8,8,8,8,8
cifar10:train:224,6,6,6,6,6
cifar10:train:251,3,6,3,3,3
cifar10:train:272,4,4,4,4,4
cifar10:train:298,6,6,6,6,6
cifar10:train:304,1,1,1,1,1
cifar10:train:308,0,0,0,0,0
cifar10:train:344,0,0,0,0,0
cifar10:train:352,0,0,0,0,0
cifar10:train:375,1,1,1,1,1
cifar10:train:423,2,2,2,2,2
cifar10:train:449,4,4,4,4,4
cifar10:train:486,1,1,1,1,1
cifar10:train:502,2,2,2,2,2
cifar10:train:512,9,9,9,9,9
cifar10:train:553,9,9,9,9,9
cifar10:train:728,6,6,6,6,6
cifar10:train:765,0,0,0,0,0
cifar10:train:833,1,1,1,1,1
cifar10:train:848,1,1,1,1,1
cifar10:train:891,8,8,8,8,8
cifar10:train:894,5,5,5,5,5
cifar10:train:920,6,6,6,6,6
cifar10:train:1007,4,4,4,4,4
cifar10:train:1056,8,8,8,8,8
cifar10:train:1072,5,5,5,5,5
cifar10:train:1098,3,3,3,3,3
cifar10:train:1111,5,5,5,5,5
cifar10:train:1144,0,0,0,0,0
cifar10:train:1155,6,6,6,6,6
cifar10:train:1159,6,6,6,6,6
cifar10:train:1181,8,8,8,8,8
cifar10:train:1189,2,2,2,2,2
cifar10:train:1219,2,2,2,2,2
cifar10:train:1248,6,6,6,6,6
cifar10:train:1298,5,5,5,5,5
cifar10:train:1306,0,0,0,0,0
cifar10:train:1342,6,6,6,6,6
cifar10:train:1389,1,1,1,1,1
cifar10:train:1397,8,8,8,8,8
cifar10:train:1434,0,0,0,0,0
cifar10:train:1455,1,1,1,1,1
cifar10:train:1467,9,9,9,9,9
cifar10:train:1490,7,7,7,7,7
cifar10:train:1534,3,3,3,3,3
cifar10:train:1617,8,8,8,8,8
cifar10:train:1639,4,4,4,4,4
cifar10:train:1649,8,8,8,8,8
cifar10:train:1656,5,5,5,5,5
cifar10:train:1662,5,5,5,5,5
cifar10:train:1685,3,3,3,3,3
cifar10:train:1692,4,4,4,4,4
cifar10:train:1698,7,7,7,7,7
cifar10:train:1700,3,3,3,3,3
cifar10:train:1703,3,3,3,3,3
cifar10:train:1721,8,2,8,8,8
cifar10:train:1729,7,7,7,7,7
cifar10:train:1735,3,3,3,3,3
cifar10:train:1749,8,8,8,8,8
cifar10:train:1814,4,4,4,4,4
cifar10:train:1817,4,4,4,4,4
cifar10:train:1835,7,7,7,7,7
cifar10:train:1849,5,5,5,5,5
cifar10:train:1881,4,4,4,4,4
cifar10:train:1900,7,7,7,7,7
cifar10:train:1933,6,6,6,6,6
cifar10:train:1956,6,6,6,6,6
cifar10:train:1972,9,9,9,9,9
cifar10:train:1974,4,4,4,4,4
cifar10:train:2002,9,9,9,9,9
cifar10:train:2082,3,3,3,3,3
cifar10:train:2113,7,7,7,7,7
cifar10:train:2133,2,2,2,2,2
cifar10:train:2147,5,5,5,5,5
cifar10:train:2174,3,3,3,3,3
cifar10:train:2194,5,5,5,5,5
cifar10:train:2215,9,9,9,9,9
cifar10:train:2297,4,4,4,4,4
cifar10:train:2352,9,9,9,9,9
cifar10:train:2376,3,3,3,3,3
cifar10:train:2431,1,1,1,1,1
cifar10:train:2437,9,9,9,9,9
cifar10:train:2438,8,8,8,8,8
cifar10:train:2484,2,2,2,2,2
cifar10:train:2486,4,4,4,4,4
cifar10:train:2569,1,1,1,1,1
cifar10:train:2593,8,8,8,8,8
cifar10:train:2627,3,3,3,3,3
cifar10:train:2633,0,0,0,0,0
cifar10:train:2671,9,9,9,9,9
cifar10:train:2685,5,5,5,5,5
cifar10:train:2689,8,8,8,8,8
cifar10:train:2740,8,8,8,8,8
cifar10:train:2743,8,0,8,8,8
cifar10:train:2774,6,6,6,6,6
cifar10:train:2807,7,7,7,7,7
cifar10:train:2808,0,0,0,0,0
cifar10:train:2831,6,6,6,6,6
cifar10:train:2845,9,9,9,9,9
cifar10:train:2858,4,4,4,4,4
cifar10:train:2872,6,6,6,6,6
cifar10:train:3000,3,3,3,3,3
cifar10:train:3016,3,3,3,3,3
cifar10:train:3019,2,2,2,2,2
cifar10:train:3048,6,6,6,6,6
cifar10:train:3095,6,6,6,6,6
cifar10:train:3111,6,6,6,6,6
cifar10:train:3116,4,4,4,4,4
cifar10:train:3169,8,8,8,8,8
cifar10:train:3181,2,2,2,2,2
cifar10:train:3187,5,5,5,5,5
cifar10:train:3193,2,2,2,2,2
cifar10:train:3214,0,0,0,0,0
cifar10:train:3229,5,5,5,5,5
cifar10:train:3281,2,2,2,2,2
cifar10:train:3282,5,5,5,5,5
cifar10:train:3314,4,4,4,4,4
cifar10:train:3325,2,2,2,2,2
cifar10:train:3336,0,0,0,0,0
cifar10:train:3340,3,3,3,3,3
cifar10:train:3343,7,7,7,7,7
cifar10:train:3344,0,0,0,0,0
cifar10:train:3374,7,7,7,7,7
cifar10:train:3377,4,4,4,4,4
cifar10:train:3474,2,2,2,2,2
cifar10:train:3486,3,3,3,3,3
cifar10:train:3492,5,5,5,5,5
cifar10:train:3495,5,5,5,5,5
cifar10:train:3518,8,8,8,8,8
cifar10:train:3548,0,0,0,0,0
cifar10:train:3567,6,6,6,6,6
cifar10:train:3587,4,4,4,4,4
cifar10:train:3603,6,6,6,6,6
cifar10:train:3610,2,2,2,2,2
cifar10:train:3616,5,5,5,5,5
cifar10:train:3627,7,7,7,7,7
cifar10:train:3647,0,0,0,0,0
cifar10:train:3673,2,2,2,2,2
cifar10:train:3723,4,4,4,4,4
cifar10:train:3766,9,9,9,9,9
cifar10:train:3857,8,8,8,8,8
cifar10:train:3860,8,8,8,8,8
cifar10:train:3894,5,5,5,5,5
cifar10:train:3912,6,6,6,6,6
cifar10:train:3949,5,5,5,5,5
cifar10:train:3969,8,8,8,8,8
cifar10:train:3988,7,7,7,7,7
cifar10:train:4018,0,0,0,0,0
cifar10:train:4019,5,5,5,5,5
cifar10:train:4098,3,3,3,3,3
cifar10:train:4099,1,1,1,1,1
cifar10:train:4107,7,7,7,7,7
cifar10:train:4177,3,3,3,3,3
cifar10:train:4198,2,2,2,2,2
cifar10:train:4203,5,5,5,5,5
cifar10:train:4210,8,8,8,8,8
cifar10:train:4220,2,2,2,2,2
cifar10:train:4273,0,0,0,0,0
cifar10:train:4301,4,4,4,4,4
cifar10:train:4306,2,2,2,2,2
cifar10:train:4319,5,5,5,5,5
cifar10:train:4332,1,1,1,1,1
cifar10:train:4370,2,2,2,2,2
cifar10:train:4382,4,4,4,4,4
cifar10:train:4395,4,4,4,4,4
cifar10:train:4412,8,8,8,8,8
cifar10:train:4414,3,3,3,3,3
cifar10:train:4425,2,2,2,2,2
cifar10:train:4478,7,7,7,7,7
cifar10:train:4564,3,3,3,3,3
cifar10:train:4586,9,9,9,9,9
cifar10:train:4639,5,5,5,5,5
cifar10:train:4715,4,4,4,4,4
cifar10:train:4725,4,4,4,4,4
cifar10:train:4734,6,6,6,6,6
cifar10:train:4769,1,1,1,1,1
cifar10:train:4777,2,2,2,2,2
cifar10:train:4795,7,7,7,7,7
cifar10:train:4848,8,8,8,8,8
cifar10:train:4871,7,7,7,7,7
cifar10:train:4957,0,0,0,0,0
cifar10:train:5014,1,1,1,1,1
cifar10:train:5019,6,6,6,6,6
cifar10:train:5036,5,5,5,5,5
cifar10:train:5073,8,8,8,8,8
cifar10:train:5074,4,4,4,4,4
cifar10:train:5103,0,0,0,0,0
cifar10:train:5117,7,7,7,7,7
cifar10:train:5183,3,3,3,3,3
cifar10:train:5203,9,9,9,9,9
cifar10:train:5223,6,6,6,6,6
cifar10:train:5260,3,3,3,3,3
cifar10:train:5271,9,9,9,9,9
cifar10:train:5284,8,8,8,8,8
cifar10:train:5355,6,6,6,6,6
cifar10:train:5361,6,6,6,6,6
cifar10:train:5378,8,8,8,8,8
cifar10:train:5386,2,2,2,2,2
cifar10:train:5394,9,9,9,9,9
cifar10:train:5396,7,7,7,7,7
cifar10:train:5406,2,2,2,2,2
cifar10:train:5469,8,8,8,8,8
cifar10:train:5470,0,8,0,0,0
cifar10:train:5475,3,3,3,3,3
cifar10:train:5487,8,8,8,8,8
cifar10:train:5504,5,5,5,5,5
cifar10:train:5506,2,2,2,2,2
cifar10:train:5550,2,2,2,2,2
cifar10:train:5573,8,8,8,8,8
cifar10:train:5638,2,2,2,2,2
cifar10:train:5643,8,8,8,8,8
cifar10:train:5668,9,9,9,9,9
cifar10:train:5701,8,8,8,8,8
cifar10:train:5746,2,2,2,2,2
cifar10:train:5747,1,1,1,1,1
cifar10:train:5753,7,7,7,7,7
cifar10:train:5782,7,7,7,7,7
cifar10:train:5783,9,9,9,9,9
cifar10:train:5787,8,8,8,8,8
cifar10:train:5802,7,7,7,7,7
cifar10:train:5805,1,1,1,1,1
cifar10:train:5834,1,1,1,1,1
cifar10:train:5859,3,3,3,3,3
cifar10:train:5860,1,1,1,1,1
cifar10:train:5885,1,1,1,1,1
cifar10:train:5938,9,9,9,9,9
cifar10:train:5973,0,0,0,0,0
cifar10:train:5980,3,3,3,3,3
cifar10:train:5987,8,8,8,8,8
cifar10:train:5998,4,4,4,4,4
cifar10:train:6034,9,9,9,9,9
cifar10:train:6043,9,9,9,9,9
cifar10:train:6051,7,7,7,7,7
cifar10:train:6081,2,2,2,2,2
cifar10:train:6091,5,5,5,5,5
cifar10:train:6101,6,6,6,6,6
cifar10:train:6142,0,0,0,0,0
cifar10:train:6144,4,4,4,4,4
cifar10:train:6172,6,6,6,6,6
cifar10:train:6173,4,4,4,4,4
cifar10:train:6236,2,2,2,2,2
cifar10:train:6244,1,1,1,1,1
cifar10:train:6254,6,6,6,6,6
cifar10:train:6301,7,7,7,7,7
cifar10:train:6311,4,4,4,4,4
cifar10:train:6323,2,2,2,2,2
cifar10:train:6331,4,4,4,4,4
cifar10:train:6341,2,2,2,2,2
cifar10:train:6371,1,1,1,1,1
cifar10:train:6398,7,7,7,7,7
cifar10:train:6406,6,6,6,6,6
cifar10:train:6408,2,2,2,2,2
cifar10:train:6468,8,8,8,8,8
cifar10:train:6498,4,4,4,4,4
cifar10:train:6528,7,7,7,7,7
cifar10:train:6529,8,8,8,8,8
cifar10:train:6533,5,5,5,5,5
cifar10:train:6547,2,2,2,2,2
cifar10:train:6552,7,7,7,7,7
cifar10:train:6617,0,0,0,0,0
cifar10:train:6631,8,8,8,8,8
cifar10:train:6649,3,3,3,3,3
cifar10:train:6678,1,1,1,1,1
cifar10:train:6704,2,2,2,2,2
cifar10:train:6705,9,9,9,9,9
cifar10:train:6745,6,6,6,6,6
cifar10:train:6752,7,7,7,7,7
cifar10:train:6774,2,2,2,2,2
cifar10:train:6822,7,7,7,7,7
cifar10:train:6840,4,4,4,4,4
cifar10:train:6842,7,7,7,7,7
cifar10:train:6847,3,3,3,3,3
cifar10:train:6868,3,3,3,3,3
cifar10:train:6901,2,2,2,2,2
cifar10:train:6969,1,1,1,1,1
cifar10:train:6985,4,4,4,4,4
cifar10:train:7173,1,1,1,1,1
cifar10:train:7221,1,1,1,1,1
cifar10:train:7313,3,3,3,3,3
cifar10:train:7320,0,0,0,0,0
cifar10:train:7330,2,2,2,2,2
cifar10:train:7340,2,2,2,2,2
cifar10:train:7344,0,0,0,0,0
cifar10:train:7401,1,1,1,1,1
cifar10:train:7448,1,1,1,1,1
cifar10:train:7472,5,5,5,5,5
cifar10:train:7477,2,2,2,2,2
cifar10:train:7484,8,8,8,8,8
cifar10:train:7497,8,8,8,8,8
cifar10:train:7545,5,5,5,5,5
cifar10:train:7549,6,6,6,6,6
cifar10:train:7619,4,4,4,4,4
cifar10:train:7638,6,6,6,6,6
cifar10:train:7656,4,4,4,4,4
cifar10:train:7687,9,9,9,9,9
cifar10:train:7705,6,6,6,6,6
cifar10:train:7706,1,1,1,1,1
cifar10:train:7711,9,9,9,9,9
cifar10:train:7714,2,2,2,2,2
cifar10:train:7770,0,0,0,0,0
cifar10:train:7809,7,7,7,7,7
cifar10:train:7834,8,8,8,8,8
cifar10:train:7835,3,3,3,3,3
cifar10:train:7855,4,4,4,4,4
cifar10:train:7859,0,0,0,0,0
cifar10:train:7945,7,7,7,7,7
cifar10:train:7956,4,4,4,4,4
cifar10:train:7972,0,0,0,0,0
cifar10:train:8001,1,1,1,1,1
cifar10:train:8014,8,8,8,8,8
cifar10:train:8025,2,2,2,2,2
cifar10:train:8032,2,2,2,2,2
cifar10:train:8045,8,8,8,8,8
cifar10:train:8051,5,5,5,5,5
cifar10:train:8059,1,1,1,1,1
cifar10:train:8072,0,0,0,0,0
cifar10:train:8082,3,3,3,3,3
cifar10:train:8113,8,8,8,8,8
cifar10:train:8159,9,9,9,9,9
cifar10:train:8165,2,2,2,2,2
cifar10:train:8190,0,0,0,0,0
cifar10:train:8202,7,7,7,7,7
cifar10:train:8281,9,9,9,9,9
cifar10:train:8380,3,3,3,3,3
cifar10:train:8394,9,9,9,9,9
cifar10:train:8402,9,9,9,9,9
cifar10:train:8428,9,9,9,9,9
cifar10:train:8451,0,0,0,0,0
cifar10:train:8456,4,4,4,4,4
cifar10:train:8470,9,9,9,9,9
cifar10:train:8479,9,9,9,9,9
cifar10:train:8484,8,8,8,8,8
cifar10:train:8505,9,9,9,9,9
cifar10:train:8535,0,0,0,0,0
cifar10:train:8542,8,8,8,8,8
cifar10:train:8552,6,6,6,6,6
cifar10:train:8569,0,0,0,0,0
cifar10:train:8602,9,9,9,9,9
cifar10:train:8605,7,7,7,7,7
cifar10:train:8622,1,1,1,1,1
cifar10:train:8662,5,5,5,5,5
cifar10:train:8665,8,8,8,8,8
cifar10:train:8690,1,1,1,1,1
cifar10:train:8702,0,0,0,0,0
cifar10:train:8779,1,1,1,1,1
cifar10:train:8829,4,4,4,4,4
cifar10:train:8831,8,8,8,8,8
cifar10:train:8865,2,4,2,2,2
cifar10:train:8874,2,2,2,2,2
cifar10:train:8958,6,6,6,6,6
cifar10:train:8976,7,7,7,7,7
cifar10:train:8982,8,8,8,8,8
cifar10:train:8983,6,6,6,6,6
cifar10:train:8991,6,6,6,6,6
cifar10:train:9032,8,8,8,8,8
cifar10:train:9062,0,0,0,0,0
cifar10:train:9076,8,8,8,8,8
cifar10:train:9133,7,7,7,7,7
cifar10:train:9170,6,6,6,6,6
cifar10:train:9171,0,0,0,0,0
cifar10:train:9177,9,9,9,9,9
cifar10:train:9184,7,7,7,7,7
cifar10:train:9186,7,7,7,7,7
cifar10:train:9230,0,0,0,0,0
cifar10:train:9270,9,9,9,9,9
cifar10:train:9299,2,2,2,2,2
cifar10:train:9344,8,8,8,8,8
cifar10:train:9363,4,4,4,4,4
cifar10:train:9372,1,1,1,1,1
cifar10:train:9398,3,5,3,3,3
cifar10:train:9409,7,7,7,7,7
cifar10:train:9478,1,1,1,1,1
cifar10:train:9488,8,8,8,8,8
cifar10:train:9492,7,7,7,7,7
cifar10:train:9497,4,4,4,4,4
cifar10:train:9530,6,6,6,6,6
cifar10:train:9535,1,1,1,1,1
cifar10:train:9539,1,1,1,1,1
cifar10:train:9547,5,5,5,5,5
cifar10:train:9601,9,1,9,9,9
cifar10:train:9605,5,5,5,5,5
cifar10:train:9651,8,8,8,8,8
cifar10:train:9716,2,2,2,2,2
cifar10:train:9774,1,1,1,1,1
cifar10:train:9779,4,4,4,4,4
cifar10:train:9798,2,2,2,2,2
cifar10:train:9845,4,4,4,4,4
cifar10:train:9854,1,1,1,1,1
cifar10:train:9870,1,1,1,1,1
cifar10:train:9889,1,1,1,1,1
cifar10:train:9900,2,2,2,2,2
cifar10:train:9924,6,6,6,6,6
cifar10:train:9955,9,9,9,9,9
cifar10:train:9975,8,8,8,8,8
cifar10:train:9977,6,6,6,6,6
cifar10:train:10057,2,2,2,2,2
cifar10:train:10146,0,0,0,0,0
cifar10:train:10152,2,2,2,2,2
cifar10:train:10153,1,1,1,1,1
cifar10:train:10178,9,9,9,9,9
cifar10:train:10191,8,8,8,8,8
cifar10:train:10213,6,6,6,6,6
cifar10:train:10258,5,2,5,5,5
cifar10:train:10267,0,0,0,0,0
cifar10:train:10329,3,3,3,3,3
cifar10:train:10334,0,0,0,0,0
cifar10:train:10342,9,9,9,9,9
cifar10:train:10350,4,4,4,4,4
cifar10:train:10377,1,1,1,1,1
cifar10:train:10459,7,7,7,7,7
cifar10:train:10491,1,1,1,1,1
cifar10:train:10496,7,7,7,7,7
cifar10:train:10517,6,6,6,6,6
cifar10:train:10542,5,5,5,5,5
cifar10:train:10545,0,0,0,0,0
cifar10:train:10562,7,7,7,7,7
cifar10:train:10672,7,7,7,7,7
cifar10:train:10735,7,7,7,7,7
cifar10:train:10783,6,6,6,6,6
cifar10:train:10810,8,8,8,8,8
cifar10:train:10814,3,3,3,3,3
cifar10:train:10830,9,9,9,9,9
cifar10:train:10856,8,8,8,8,8
cifar10:train:10881,9,9,9,9,9
cifar10:train:10885,2,2,2,2,2
cifar10:train:10891,7,7,7,7,7
cifar10:train:10920,6,6,6,6,6
cifar10:train:10989,0,0,0,0,0
cifar10:train:11017,2,2,2,2,2
cifar10:train:11139,9,9,9,9,9
cifar10:train:11142,5,5,5,5,5
cifar10:train:11156,2,2,2,2,2
cifar10:train:11179,1,1,1,1,1
cifar10:train:11184,9,9,9,9,9
cifar10:train:11217,5,5,5,5,5
cifar10:train:11226,4,4,4,4,4
cifar10:train:11245,5,5,5,5,5
cifar10:train:11318,6,6,6,6,6
cifar10:train:11339,3,3,3,3,3
cifar10:train:11371,6,6,6,6,6
cifar10:train:11390,7,7,7,7,7
cifar10:train:11433,2,2,2,2,2
cifar10:train:11436,2,2,2,2,2
cifar10:train:11496,5,5,5,5,5
cifar10:train:11511,2,2,2,2,2
cifar10:train:11518,2,2,2,2,2
cifar10:train:11520,7,7,7,7,7
cifar10:train:11573,4,4,4,4,4
cifar10:train:11608,7,7,7,7,7
cifar10:train:11625,3,3,3,3,3
cifar10:train:11626,4,4,4,4,4
cifar10:train:11630,2,2,2,2,2
cifar10:train:11638,6,6,6,6,6
cifar10:train:11639,3,3,3,3,3
cifar10:train:11730,2,2,2,2,2
cifar10:train:11744,1,1,1,1,1
cifar10:train:11762,0,0,0,0,0
cifar10:train:11787,1,1,1,1,1
cifar10:train:11831,1,1,1,1,1
cifar10:train:11834,9,9,9,9,9
cifar10:train:11851,6,6,6,6,6
cifar10:train:11913,0,0,0,0,0
cifar10:train:11933,5,5,5,5,5
cifar10:train:11990,7,7,7,7,7
cifar10:train:12017,6,6,6,6,6
cifar10:train:12032,3,3,3,3,3
cifar10:train:12069,5,5,5,5,5
cifar10:train:12072,0,0,0,0,0
cifar10:train:12101,6,6,6,6,6
cifar10:train:12114,1,1,1,1,1
cifar10:train:12164,1,1,1,1,1
cifar10:train:12212,2,2,2,2,2
cifar10:train:12225,3,3,3,3,3
cifar10:train:12240,6,6,6,6,6
cifar10:train:12282,4,4,4,4,4
cifar10:train:12286,8,8,8,8,8
cifar10:train:12295,1,1,1,1,1
cifar10:train:12314,9,9,9,9,9
cifar10:train:12353,8,8,8,8,8
cifar10:train:12371,5,5,5,5,5
cifar10:train:12450,3,3,3,3,3
cifar10:train:12488,5,5,5,5,5
cifar10:train:12508,6,6,6,6,6
cifar10:train:12521,1,1,1,1,1
cifar10:train:12556,5,5,5,5,5
cifar10:train:12627,7,7,7,7,7
cifar10:train:12647,3,3,3,3,3
cifar10:train:12694,2,2,2,2,2
cifar10:train:12712,9,9,9,9,9
cifar10:train:12737,4,4,4,4,4
cifar10:train:12744,7,7,7,7,7
cifar10:train:12784,2,2,2,2,2
cifar10:train:12798,3,3,3,3,3
cifar10:train:12801,8,8,8,8,8
cifar10:train:12835,9,9,9,9,9
cifar10:train:12900,7,7,7,7,7
cifar10:train:12903,1,1,1,1,1
cifar10:train:12934,6,6,6,6,6
cifar10:train:12945,2,2,2,2,2
cifar10:train:12953,3,3,3,3,3
cifar10:train:12963,1,1,1,1,1
cifar10:train:12975,4,4,4,4,4
cifar10:train:12989,4,4,4,4,4
cifar10:train:13016,0,0,0,0,0
cifar10:train:13024,9,9,9,9,9
cifar10:train:13097,5,5,5,5,5
cifar10:train:13138,9,9,9,9,9
cifar10:train:13194,0,0,0,0,0
cifar10:train:13209,6,6,6,6,6
cifar10:train:13231,4,4,4,4,4
cifar10:train:13243,2,2,2,2,2
cifar10:train:13245,5,5,5,5,5
cifar10:train:13253,3,3,3,3,3
cifar10:train:13264,1,1,1,1,1
cifar10:train:13273,2,2,2,2,2
cifar10:train:13274,8,8,8,8,8
cifar10:train:13348,0,0,0,0,0
cifar10:train:13356,5,5,5,5,5
cifar10:train:13357,0,0,0,0,0
cifar10:train:13373,7,7,7,7,7
cifar10:train:13387,5,5,5,5,5
cifar10:train:13393,3,3,3,3,3
cifar10:train:13398,2,2,2,2,2
cifar10:train:13471,3,3,3,3,3
cifar10:train:13489,0,0,0,0,0
cifar10:train:13511,6,6,6,6,6
cifar10:train:13555,1,1,1,1,1
cifar10:train:13571,1,1,1,1,1
cifar10:train:13579,5,5,5,5,5
cifar10:train:13581,3,3,3,3,3
cifar10:train:13617,6,6,6,6,6
cifar10:train:13649,0,0,0,0,0
cifar10:train:13651,5,5,5,5,5
cifar10:train:13672,8,8,8,8,8
cifar10:train:13692,6,6,6,6,6
cifar10:train:13720,8,8,8,8,8
cifar10:train:13762,4,4,4,4,4
cifar10:train:13807,9,9,9,9,9
cifar10:train:13810,8,8,8,8,8
cifar10:train:13879,2,2,2,2,2
cifar10:train:13895,1,1,1,1,1
cifar10:train:13909,4,4,4,4,4
cifar10:train:13941,3,3,3,3,3
cifar10:train:14035,1,1,1,1,1
cifar10:train:14055,1,1,1,1,1
cifar10:train:14058,8,8,8,8,8
cifar10:train:14086,7,7,7,7,7
cifar10:train:14146,2,2,2,2,2
cifar10:train:14225,3,3,3,3,3
cifar10:train:14232,3,3,3,3,3
cifar10:train:14236,6,6,6,6,6
cifar10:train:14243,4,4,4,4,4
cifar10:train:14254,7,7,7,7,7
cifar10:train:14280,2,2,2,2,2
cifar10:train:14292,8,8,8,8,8
cifar10:train:14311,1,1,1,1,1
cifar10:train:14339,1,1,1,1,1
cifar10:train:14377,4,4,4,4,4
cifar10:train:14396,4,4,4,4,4
cifar10:train:14408,5,5,5,5,5
cifar10:train:14412,4,4,4,4,4
cifar10:train:14414,6,6,6,6,6
cifar10:train:14469,4,4,4,4,4
cifar10:train:14481,1,1,1,1,1
cifar10:train:14488,0,0,0,0,0
cifar10:train:14492,4,4,4,4,4
cifar10:train:14503,7,7,7,7,7
cifar10:train:14518,1,1,1,1,1
cifar10:train:14525,9,9,9,9,9
cifar10:train:14626,9,9,9,9,9
cifar10:train:14678,6,6,6,6,6
cifar10:train:14682,5,5,5,5,5
cifar10:train:14725,7,7,7,7,7
cifar10:train:14726,4,4,4,4,4
cifar10:train:14766,8,8,8,8,8
cifar10:train:14769,2,2,2,2,2
cifar10:train:14822,7,7,7,7,7
cifar10:train:14840,2,2,2,2,2
cifar10:train:14848,0,0,0,0,0
cifar10:train:14913,9,9,9,9,9
cifar10:train:15033,9,9,9,9,9
cifar10:train:15036,4,4,4,4,4
cifar10:train:15062,9,9,9,9,9
cifar10:train:15108,3,3,3,3,3
cifar10:train:15111,8,8,8,8,8
cifar10:train:15116,6,6,6,6,6
cifar10:train:15128,8,8,8,8,8
cifar10:train:15171,9,9,9,9,9
cifar10:train:15180,9,9,9,9,9
cifar10:train:15184,2,2,2,2,2
cifar10:train:15188,9,9,9,9,9
cifar10:train:15225,0,0,0,0,0
cifar10:train:15234,3,3,3,3,3
cifar10:train:15248,1,1,1,1,1
cifar10:train:15264,9,9,9,9,9
cifar10:train:15271,7,7,7,7,7
cifar10:train:15274,9,9,9,9,9
cifar10:train:15282,7,7,7,7,7
cifar10:train:15304,0,0,0,0,0
cifar10:train:15321,3,3,3,3,3
cifar10:train:15330,9,9,9,9,9
cifar10:train:15354,5,5,5,5,5
cifar10:train:15485,5,5,5,5,5
cifar10:train:15523,3,3,3,3,3
cifar10:train:15536,6,6,6,6,6
cifar10:train:15544,5,5,5,5,5
cifar10:train:15546,0,0,0,0,0
cifar10:train:15551,7,7,7,7,7
cifar10:train:15657,6,6,6,6,6
cifar10:train:15665,1,1,1,1,1
cifar10:train:15672,5,5,5,5,5
cifar10:train:15695,2,2,2,2,2
cifar10:train:15734,4,4,4,4,4
cifar10:train:15767,0,0,0,0,0
cifar10:train:15794,3,3,3,3,3
cifar10:train:15802,4,4,4,4,4
cifar10:train:15850,7,7,7,7,7
cifar10:train:15866,0,0,0,0,0
cifar10:train:15891,1,1,1,1,1
cifar10:train:15939,5,5,5,5,5
cifar10:train:15978,9,9,9,9,9
cifar10:train:16011,0,0,0,0,0
cifar10:train:16012,1,1,1,1,1
cifar10:train:16034,2,2,2,2,2
cifar10:train:16044,8,8,8,8,8
cifar10:train:16050,2,2,2,2,2
cifar10:train:16055,9,9,9,9,9
cifar10:train:16083,1,1,1,1,1
cifar10:train:16084,8,8,8,8,8
cifar10:train:16179,4,4,4,4,4
cifar10:train:16209,3,3,3,3,3
cifar10:train:16225,0,0,0,0,0
cifar10:train:16244,4,4,4,4,4
cifar10:train:16274,2,2,2,2,2
cifar10:train:16363,3,3,3,3,3
cifar10:train:16364,3,3,3,3,3
cifar10:train:16365,1,1,1,1,1
cifar10:train:16418,3,3,3,3,3
cifar10:train:16448,0,0,0,0,0
cifar10:train:16545,6,6,6,6,6
cifar10:train:16550,7,7,7,7,7
cifar10:train:16567,0,0,0,0,0
cifar10:train:16676,8,8,8,8,8
cifar10:train:16752,0,0,0,0,0
cifar10:train:16796,3,3,3,3,3
cifar10:train:16810,1,1,1,1,1
cifar10:train:16839,7,7,7,7,7
cifar10:train:16896,5,5,5,5,5
cifar10:train:16911,9,9,9,9,9
cifar10:train:16942,8,8,8,8,8
cifar10:train:16946,3,3,3,3,3
cifar10:train:16948,4,4,4,4,4
cifar10:train:16980,2,2,2,2,2
cifar10:train:16994,4,4,4,4,4
cifar10:train:16997,1,1,1,1,1
cifar10:train:17016,2,2,2,2,2
cifar10:train:17035,6,6,6,6,6
cifar10:train:17131,4,4,4,4,4
cifar10:train:17141,5,5,5,5,5
cifar10:train:17149,8,8,8,8,8
cifar10:train:17199,4,4,4,4,4
cifar10:train:17216,9,9,9,9,9
cifar10:train:17226,0,0,0,0,0
cifar10:train:17230,7,7,7,7,7
cifar10:train:17277,8,8,8,8,8
cifar10:train:17279,1,1,1,1,1
cifar10:train:17283,6,6,6,6,6
cifar10:train:17333,3,3,3,3,3
cifar10:train:17377,7,7,7,7,7
cifar10:train:17378,7,7,7,7,7
cifar10:train:17422,0,0,0,0,0
cifar10:train:17448,6,6,6,6,6
cifar10:train:17502,7,7,7,7,7
cifar10:train:17509,0,0,0,0,0
cifar10:train:17532,7,7,7,7,7
cifar10:train:17539,1,1,1,1,1
cifar10:train:17570,4,4,4,4,4
cifar10:train:17583,6,6,6,6,6
cifar10:train:17595,5,5,5,5,5
cifar10:train:17596,6,6,6,6,6
cifar10:train:17600,9,9,9,9,9
cifar10:train:17601,8,8,8,8,8
cifar10:train:17605,7,7,7,7,7
cifar10:train:17606,1,1,1,1,1
cifar10:train:17610,8,8,8,8,8
cifar10:train:17628,8,8,8,8,8
cifar10:train:17644,3,3,3,3,3
cifar10:train:17651,2,2,2,2,2
cifar10:train:17654,8,8,8,8,8
cifar10:train:17687,9,1,9,9,9
cifar10:train:17703,9,9,9,9,9
cifar10:train:17706,9,9,9,9,9
cifar10:train:17788,6,6,6,6,6
cifar10:train:17799,8,8,8,8,8
cifar10:train:17814,3,3,3,3,3
cifar10:train:17826,2,2,2,2,2
cifar10:train:17865,0,0,0,0,0
cifar10:train:17876,7,7,7,7,7
cifar10:train:17895,9,9,9,9,9
cifar10:train:17910,7,7,7,7,7
cifar10:train:17990,9,9,9,9,9
cifar10:train:18039,6,6,6,6,6
cifar10:train:18043,4,4,4,4,4
cifar10:train:18050,6,6,6,6,6
cifar10:train:18052,4,4,4,4,4
cifar10:train:18072,3,3,3,3,3
cifar10:train:18089,3,3,3,3,3
cifar10:train:18123,1,1,1,1,1
cifar10:train:18124,7,7,7,7,7
cifar10:train:18186,3,3,3,3,3
cifar10:train:18240,3,3,3,3,3
cifar10:train:18266,8,8,8,8,8
cifar10:train:18270,6,6,6,6,6
cifar10:train:18324,3,3,3,3,3
cifar10:train:18353,6,6,6,6,6
cifar10:train:18356,3,3,3,3,3
cifar10:train:18365,4,4,4,4,4
cifar10:train:18419,2,2,2,2,2
cifar10:train:18579,7,7,7,7,7
cifar10:train:18610,6,6,6,6,6
cifar10:train:18624,0,0,0,0,0
cifar10:train:18687,5,5,5,5,5
cifar10:train:18688,7,7,7,7,7
cifar10:train:18757,2,2,2,2,2
cifar10:train:18797,8,8,8,8,8
cifar10:train:18823,7,7,7,7,7
cifar10:train:18839,0,0,0,0,0
cifar10:train:18867,3,3,3,3,3
cifar10:train:18884,6,6,6,6,6
cifar10:train:18937,9,9,9,9,9
cifar10:train:18938,7,7,7,7,7
cifar10:train:18955,0,0,0,0,0
cifar10:train:18998,3,3,3,3,3
cifar10:train:19045,4,4,4,4,4
cifar10:train:19054,1,1,1,1,1
cifar10:train:19070,2,2,2,2,2
cifar10:train:19078,9,9,9,9,9
cifar10:train:19109,6,6,6,6,6
cifar10:train:19149,8,8,8,8,8
cifar10:train:19197,4,4,4,4,4
cifar10:train:19227,8,8,8,8,8
cifar10:train:19275,6,6,6,6,6
cifar10:train:19306,7,7,7,7,7
cifar10:train:19463,2,2,2,2,2
cifar10:train:19488,9,9,9,9,9
cifar10:train:19559,6,6,6,6,6
cifar10:train:19577,3,3,3,3,3
cifar10:train:19605,8,8,8,8,8
cifar10:train:19664,0,0,0,0,0
cifar10:train:19666,8,8,8,8,8
cifar10:train:19679,9,9,9,9,9
cifar10:train:19682,0,0,0,0,0
cifar10:train:19710,1,1,1,1,1
cifar10:train:19771,3,3,3,3,3
cifar10:train:19782,3,3,3,3,3
cifar10:train:19800,5,5,5,5,5
cifar10:train:19848,4,4,4,4,4
cifar10:train:19861,5,5,5,5,5
cifar10:train:19870,6,6,6,6,6
cifar10:train:19885,4,4,4,4,4
cifar10:train:19934,9,9,9,9,9
cifar10:train:19991,8,8,8,8,8
cifar10:train:19994,3,3,3,3,3
cifar10:train:20029,2,2,2,2,2
cifar10:train:20044,4,4,4,4,4
cifar10:train:20053,5,5,5,5,5
cifar10:train:20060,4,4,4,4,4
cifar10:train:20061,2,2,2,2,2
cifar10:train:20066,5,5,5,5,5
cifar10:train:20100,8,8,8,8,8
cifar10:train:20127,0,0,0,0,0
cifar10:train:20154,4,4,4,4,4
cifar10:train:20163,3,3,3,3,3
cifar10:train:20195,1,1,1,1,1
cifar10:train:20207,5,5,5,5,5
cifar10:train:20209,8,8,8,8,8
cifar10:train:20221,8,8,8,8,8
cifar10:train:20224,9,9,9,9,9
cifar10:train:20257,0,0,0,0,0
cifar10:train:20310,6,6,6,6,6
cifar10:train:20319,0,0,0,0,0
cifar10:train:20325,4,4,4,4,4
cifar10:train:20334,0,0,0,0,0
cifar10:train:20340,4,4,4,4,4
cifar10:train:20362,6,6,6,6,6
cifar10:train:20410,3,3,3,3,3
cifar10:train:20454,0,0,0,0,0
cifar10:train:20467,8,8,8,8,8
cifar10:train:20482,6,6,6,6,6
cifar10:train:20496,3,3,3,3,3
cifar10:train:20558,2,2,2,2,2
cifar10:train:20572,2,2,2,2,2
cifar10:train:20603,5,5,5,5,5
cifar10:train:20620,8,8,8,8,8
cifar10:train:20649,1,1,1,1,1
cifar10:train:20658,0,0,0,0,0
cifar10:train:20666,6,6,6,6,6
cifar10:train:20801,5,5,5,5,5
cifar10:train:20802,6,6,6,6,6
cifar10:train:20867,8,8,8,8,8
cifar10:train:20890,4,4,4,4,4
cifar10:train:20915,9,9,9,9,9
cifar10:train:20930,6,6,6,6,6
cifar10:train:20992,7,7,7,7,7
cifar10:train:21051,7,7,7,7,7
cifar10:train:21060,7,7,7,7,7
cifar10:train:21094,1,1,1,1,1
cifar10:train:21132,6,6,6,6,6
cifar10:train:21152,1,1,1,1,1
cifar10:train:21159,9,9,9,9,9
cifar10:train:21188,4,4,4,4,4
cifar10:train:21226,8,8,8,8,8
cifar10:train:21234,1,1,1,1,1
cifar10:train:21235,5,5,5,5,5
cifar10:train:21245,1,1,1,1,1
cifar10:train:21248,0,0,0,0,0
cifar10:train:21265,5,5,5,5,5
cifar10:train:21274,3,3,3,3,3
cifar10:train:21310,0,0,0,0,0
cifar10:train:21311,6,6,6,6,6
cifar10:train:21318,5,5,5,5,5
cifar10:train:21320,5,5,5,5,5
cifar10:train:21368,3,3,3,3,3
cifar10:train:21382,4,4,4,4,4
cifar10:train:21398,1,1,1,1,1
cifar10:train:21422,1,1,1,1,1
cifar10:train:21451,8,8,8,8,8
cifar10:train:21479,8,8,8,8,8
cifar10:train:21499,8,8,8,8,8
cifar10:train:21556,5,5,5,5,5
cifar10:train:21596,8,8,8,8,8
cifar10:train:21598,5,5,5,5,5
cifar10:train:21609,9,9,9,9,9
cifar10:train:21610,5,5,5,5,5
cifar10:train:21627,1,1,1,1,1
cifar10:train:21638,8,8,8,8,8
cifar10:train:21640,3,3,3,3,3
cifar10:train:21647,0,0,0,0,0
cifar10:train:21668,2,2,2,2,2
cifar10:train:21686,3,3,3,3,3
cifar10:train:21717,6,6,6,6,6
cifar10:train:21758,0,0,0,0,0
cifar10:train:21771,4,4,4,4,4
cifar10:train:21783,3,3,3,3,3
cifar10:train:21792,5,5,5,5,5
cifar10:train:21835,3,3,3,3,3
cifar10:train:21837,9,9,9,9,9
cifar10:train:21854,9,9,9,9,9
cifar10:train:21868,4,4,4,4,4
cifar10:train:21893,1,1,1,1,1
cifar10:train:21900,2,2,2,2,2
cifar10:train:21930,0,0,0,0,0
cifar10:train:21969,3,3,3,3,3
cifar10:train:22008,3,3,3,3,3
cifar10:train:22011,3,3,3,3,3
cifar10:train:22077,9,9,9,9,9
cifar10:train:22080,0,0,0,0,0
cifar10:train:22085,6,6,6,6,6
cifar10:train:22103,5,5,5,5,5
cifar10:train:22112,0,0,0,0,0
cifar10:train:22115,7,7,7,7,7
cifar10:train:22152,9,9,9,9,9
cifar10:train:22158,5,5,5,5,5
cifar10:train:22214,8,8,8,8,8
cifar10:train:22281,2,2,2,2,2
cifar10:train:22331,2,2,2,2,2
cifar10:train:22337,6,6,6,6,6
cifar10:train:22350,0,0,0,0,0
cifar10:train:22464,9,9,9,9,9
cifar10:train:22468,4,4,4,4,4
cifar10:train:22476,6,6,6,6,6
cifar10:train:22480,4,4,4,4,4
cifar10:train:22486,2,2,2,2,2
cifar10:train:22556,9,9,9,9,9
cifar10:train:22562,3,3,3,3,3
cifar10:train:22632,5,5,5,5,5
cifar10:train:22654,6,6,6,6,6
cifar10:train:22725,7,7,7,7,7
cifar10:train:22742,5,5,5,5,5
cifar10:train:22758,8,8,8,8,8
cifar10:train:22779,5,5,5,5,5
cifar10:train:22847,0,0,0,0,0
cifar10:train:22894,7,7,7,7,7
cifar10:train:22895,5,5,5,5,5
cifar10:train:22904,0,0,0,0,0
cifar10:train:22954,8,8,8,8,8
cifar10:train:22955,7,7,7,7,7
cifar10:train:23001,9,9,9,9,9
cifar10:train:23024,0,0,0,0,0
cifar10:train:23034,7,7,7,7,7
cifar10:train:23035,0,0,0,0,0
cifar10:train:23036,6,6,6,6,6
cifar10:train:23041,2,2,2,2,2
cifar10:train:23053,7,7,7,7,7
cifar10:train:23113,0,0,0,0,0
cifar10:train:23137,9,9,9,9,9
cifar10:train:23148,8,8,8,8,8
cifar10:train:23170,7,7,7,7,7
cifar10:train:23211,4,4,4,4,4
cifar10:train:23225,9,9,9,9,9
cifar10:train:23237,2,2,2,2,2
cifar10:train:23258,8,8,8,8,8
cifar10:train:23269,6,6,6,6,6
cifar10:train:23274,9,9,9,9,9
cifar10:train:23333,9,9,9,9,9
cifar10:train:23377,0,0,0,0,0
cifar10:train:23396,1,1,1,1,1
cifar10:train:23438,8,8,8,8,8
cifar10:train:23456,7,7,7,7,7
cifar10:train:23459,5,5,5,5,5
cifar10:train:23472,8,8,8,8,8
cifar10:train:23497,8,8,8,8,8
cifar10:train:23531,9,9,9,9,9
cifar10:train:23532,4,4,4,4,4
cifar10:train:23559,2,2,2,2,2
cifar10:train:23560,8,8,8,8,8
cifar10:train:23575,9,9,9,9,9
cifar10:train:23578,1,1,1,1,1
cifar10:train:23591,4,4,4,4,4
cifar10:train:23651,9,9,9,9,9
cifar10:train:23665,5,5,5,5,5
cifar10:train:23685,1,1,1,1,1
cifar10:train:23702,3,3,3,3,3
cifar10:train:23704,6,6,6,6,6
cifar10:train:23722,9,9,9,9,9
cifar10:train:23756,5,5,5,5,5
cifar10:train:23757,8,8,8,8,8
cifar10:train:23759,9,9,9,9,9
cifar10:train:23764,6,6,6,6,6
cifar10:train:23820,8,8,8,8,8
cifar10:train:23879,4,4,4,4,4
cifar10:train:23904,9,9,9,9,9
cifar10:train:23913,3,3,3,3,3
cifar10:train:24001,9,9,9,9,9
cifar10:train:24014,7,7,7,7,7
cifar10:train:24016,2,2,2,2,2
cifar10:train:24075,1,1,1,1,1
cifar10:train:24145,6,6,6,6,6
cifar10:train:24151,1,1,1,1,1
cifar10:train:24162,9,9,9,9,9
cifar10:train:24166,2,2,2,2,2
cifar10:train:24184,6,6,6,6,6
cifar10:train:24190,5,5,5,5,5
cifar10:train:24202,8,8,8,8,8
cifar10:train:24218,2,2,2,2,2
cifar10:train:24240,1,1,1,1,1
cifar10:train:24241,4,4,4,4,4
cifar10:train:24308,4,4,4,4,4
cifar10:train:24331,9,9,9,9,9
cifar10:train:24344,5,5,5,5,5
cifar10:train:24354,6,6,6,6,6
cifar10:train:24391,9,9,9,9,9
cifar10:train:24401,6,6,6,6,6
cifar10:train:24513,4,4,4,4,4
cifar10:train:24519,6,6,6,6,6
cifar10:train:24522,3,3,3,3,3
cifar10:train:24550,9,9,9,9,9
cifar10:train:24603,9,9,9,9,9
cifar10:train:24613,7,7,7,7,7
cifar10:train:24618,3,3,3,3,3
cifar10:train:24627,9,9,9,9,9
cifar10:train:24657,9,9,9,9,9
cifar10:train:24665,1,1,1,1,1
cifar10:train:24667,3,3,3,3,3
cifar10:train:24683,9,9,9,9,9
cifar10:train:24708,7,7,7,7,7
cifar10:train:24767,1,1,1,1,1
cifar10:train:24793,0,0,0,0,0
cifar10:train:24825,8,8,8,8,8
cifar10:train:24835,2,2,2,2,2
cifar10:train:24877,5,5,5,5,5
cifar10:train:24911,2,2,2,2,2
cifar10:train:24930,7,7,7,7,7
cifar10:train:24949,3,3,3,3,3
cifar10:train:24957,0,0,0,0,0
cifar10:train:24961,3,3,3,3,3
cifar10:train:24963,1,1,1,1,1
cifar10:train:24981,5,5,5,5,5
cifar10:train:25024,4,4,4,4,4
cifar10:train:25050,1,1,1,1,1
cifar10:train:25054,8,8,8,8,8
cifar10:train:25057,5,5,5,5,5
cifar10:train:25076,6,6,6,6,6
cifar10:train:25098,4,4,4,4,4
cifar10:train:25105,1,1,1,1,1
cifar10:train:25123,8,8,8,8,8
cifar10:train:25218,3,3,3,3,3
cifar10:train:25240,5,5,5,5,5
cifar10:train:25243,0,0,0,0,0
cifar10:train:25269,7,7,7,7,7
cifar10:train:25279,1,1,1,1,1
cifar10:train:25327,8,8,8,8,8
cifar10:train:25341,2,2,2,2,2
cifar10:train:25347,4,4,4,4,4
cifar10:train:25368,8,8,8,8,8
cifar10:train:25387,9,9,9,9,9
cifar10:train:25397,6,6,6,6,6
cifar10:train:25409,9,9,9,9,9
cifar10:train:25435,4,4,4,4,4
cifar10:train:25455,2,0,2,2,2
cifar10:train:25475,6,6,6,6,6
cifar10:train:25487,8,8,8,8,8
cifar10:train:25499,9,9,9,9,9
cifar10:train:25508,8,8,8,8,8
cifar10:train:25524,8,8,8,8,8
cifar10:train:25530,2,2,2,2,2
cifar10:train:25546,0,0,0,0,0
cifar10:train:25583,5,5,5,5,5
cifar10:train:25613,7,7,7,7,7
cifar10:train:25623,9,9,9,9,9
cifar10:train:25631,9,9,9,9,9
cifar10:train:25634,5,5,5,5,5
cifar10:train:25635,4,4,4,4,4
cifar10:train:25705,3,3,3,3,3
cifar10:train:25788,7,7,7,7,7
cifar10:train:25800,9,9,9,9,9
cifar10:train:25805,5,5,5,5,5
cifar10:train:25834,4,4,4,4,4
cifar10:train:25852,1,1,1,1,1
cifar10:train:25937,7,7,7,7,7
cifar10:train:26001,2,2,2,2,2
cifar10:train:26014,5,5,5,5,5
cifar10:train:26016,9,9,9,9,9
cifar10:train:26038,8,8,8,8,8
cifar10:train:26049,0,0,0,0,0
cifar10:train:26058,2,2,2,2,2
cifar10:train:26070,2,2,2,2,2
cifar10:train:26084,6,6,6,6,6
cifar10:train:26090,1,1,1,1,1
cifar10:train:26107,7,7,7,7,7
cifar10:train:26113,9,9,9,9,9
cifar10:train:26140,8,8,8,8,8
cifar10:train:26146,2,2,2,2,2
cifar10:train:26174,5,5,5,5,5
cifar10:train:26232,6,3,6,6,6
cifar10:train:26283,3,3,3,3,3
cifar10:train:26307,4,4,4,4,4
cifar10:train:26309,6,6,6,6,6
cifar10:train:26340,6,6,6,6,6
cifar10:train:26386,2,2,2,2,2
cifar10:train:26422,7,7,7,7,7
cifar10:train:26447,9,9,9,9,9
cifar10:train:26490,7,7,7,7,7
cifar10:train:26495,0,0,0,0,0
cifar10:train:26499,0,0,0,0,0
cifar10:train:26520,5,5,5,5,5
cifar10:train:26528,8,8,8,8,8
cifar10:train:26570,2,2,2,2,2
cifar10:train:26592,0,0,0,0,0
cifar10:train:26665,3,3,3,3,3
cifar10:train:26757,2,2,2,2,2
cifar10:train:26758,2,2,2,2,2
cifar10:train:26761,0,0,0,0,0
cifar10:train:26797,3,3,3,3,3
cifar10:train:26837,2,2,2,2,2
cifar10:train:26854,4,4,4,4,4
cifar10:train:26874,5,3,5,5,5
cifar10:train:26904,3,3,3,3,3
cifar10:train:26949,5,5,5,5,5
cifar10:train:26987,5,5,5,5,5
cifar10:train:27070,9,9,9,9,9
cifar10:train:27074,4,4,4,4,4
cifar10:train:27077,3,3,3,3,3
cifar10:train:27078,7,7,7,7,7
cifar10:train:27093,5,5,5,5,5
cifar10:train:27105,4,4,4,4,4
cifar10:train:27241,8,8,8,8,8
cifar10:train:27259,4,4,4,4,4
cifar10:train:27313,4,4,4,4,4
cifar10:train:27318,1,1,1,1,1
cifar10:train:27355,5,5,5,5,5
cifar10:train:27370,8,8,8,8,8
cifar10:train:27398,8,8,8,8,8
cifar10:train:27417,4,4,4,4,4
cifar10:train:27447,1,1,1,1,1
cifar10:train:27462,5,5,5,5,5
cifar10:train:27464,6,6,6,6,6
cifar10:train:27505,7,7,7,7,7
cifar10:train:27536,8,8,8,8,8
cifar10:train:27560,2,2,2,2,2
cifar10:train:27581,9,9,9,9,9
cifar10:train:27583,7,7,7,7,7
cifar10:train:27597,2,2,2,2,2
cifar10:train:27636,1,1,1,1,1
cifar10:train:27650,1,1,1,1,1
cifar10:train:27706,0,0,0,0,0
cifar10:train:27725,4,4,4,4,4
cifar10:train:27752,9,9,9,9,9
cifar10:train:27755,9,9,9,9,9
cifar10:train:27761,3,3,3,3,3
cifar10:train:27780,0,0,0,0,0
cifar10:train:27786,3,3,3,3,3
cifar10:train:27787,4,4,4,4,4
cifar10:train:27818,9,9,9,9,9
cifar10:train:27855,0,0,0,0,0
cifar10:train:27875,4,4,4,4,4
cifar10:train:27903,5,5,5,5,5
cifar10:train:27910,7,7,7,7,7
cifar10:train:27950,5,5,5,5,5
cifar10:train:27971,6,6,6,6,6
cifar10:train:27986,0,0,0,0,0
cifar10:train:28023,7,7,7,7,7
cifar10:train:28037,8,8,8,8,8
cifar10:train:28066,8,8,8,8,8
cifar10:train:28078,3,3,3,3,3
cifar10:train:28104,7,7,7,7,7
cifar10:train:28109,3,3,3,3,3
cifar10:train:28125,8,8,8,8,8
cifar10:train:28171,6,6,6,6,6
cifar10:train:28211,7,7,7,7,7
cifar10:train:28212,0,0,0,0,0
cifar10:train:28249,7,7,7,7,7
cifar10:train:28258,6,6,6,6,6
cifar10:train:28276,1,1,1,1,1
cifar10:train:28298,1,1,1,1,1
cifar10:train:28302,0,0,0,0,0
cifar10:train:28378,6,6,6,6,6
cifar10:train:28417,1,1,1,1,1
cifar10:train:28446,7,7,7,7,7
cifar10:train:28453,7,7,7,7,7
cifar10:train:28484,5,5,5,5,5
cifar10:train:28494,6,6,6,6,6
cifar10:train:28518,2,2,2,2,2
cifar10:train:28528,7,7,7,7,7
cifar10:train:28533,6,6,6,6,6
cifar10:train:28554,3,3,3,3,3
cifar10:train:28580,1,1,1,1,1
cifar10:train:28596,4,4,4,4,4
cifar10:train:28597,3,3,3,3,3
cifar10:train:28657,3,3,3,3,3
cifar10:train:28659,5,5,5,5,5
cifar10:train:28683,8,8,8,8,8
cifar10:train:28704,3,3,3,3,3
cifar10:train:28723,5,5,5,5,5
cifar10:train:28732,6,6,6,6,6
cifar10:train:28741,5,5,5,5,5
cifar10:train:28772,3,3,3,3,3
cifar10:train:28777,5,5,5,5,5
cifar10:train:28818,1,1,1,1,1
cifar10:train:28870,5,5,5,5,5
cifar10:train:28889,5,5,5,5,5
cifar10:train:28901,9,9,9,9,9
cifar10:train:28926,1,1,1,1,1
cifar10:train:28981,1,1,1,1,1
cifar10:train:28982,5,5,5,5,5
cifar10:train:28994,2,2,2,2,2
cifar10:train:29095,6,6,6,6,6
cifar10:train:29167,9,9,9,9,9
cifar10:train:29183,4,4,4,4,4
cifar10:train:29207,9,9,9,9,9
cifar10:train:29255,3,3,3,3,3
cifar10:train:29257,0,0,0,0,0
cifar10:train:29258,9,9,9,9,9
cifar10:train:29276,5,5,5,5,5
cifar10:train:29283,1,1,1,1,1
cifar10:train:29303,2,2,2,2,2
cifar10:train:29316,8,8,8,8,8
cifar10:train:29318,1,1,1,1,1
cifar10:train:29365,7,7,7,7,7
cifar10:train:29443,7,7,7,7,7
cifar10:train:29446,8,8,8,8,8
cifar10:train:29450,5,5,5,5,5
cifar10:train:29466,4,4,4,4,4
cifar10:train:29469,1,1,1,1,1
cifar10:train:29493,8,8,8,8,8
cifar10:train:29496,4,4,4,4,4
cifar10:train:29533,7,7,7,7,7
cifar10:train:29559,8,8,8,8,8
cifar10:train:29562,5,5,5,5,5
cifar10:train:29563,2,2,2,2,2
cifar10:train:29582,4,4,4,4,4
cifar10:train:29590,9,9,9,9,9
cifar10:train:29594,2,2,2,2,2
cifar10:train:29621,7,7,7,7,7
cifar10:train:29673,2,2,2,2,2
cifar10:train:29692,3,3,3,3,3
cifar10:train:29704,0,0,0,0,0
cifar10:train:29711,1,1,1,1,1
cifar10:train:29712,5,5,5,5,5
cifar10:train:29760,5,5,5,5,5
cifar10:train:29768,3,3,3,3,3
cifar10:train:29824,7,7,7,7,7
cifar10:train:29861,3,3,3,3,3
cifar10:train:29890,5,5,5,5,5
cifar10:train:29920,2,2,2,2,2
cifar10:train:29962,7,7,7,7,7
cifar10:train:29975,7,7,7,7,7
cifar10:train:29980,0,0,0,0,0
cifar10:train:30030,7,7,7,7,7
cifar10:train:30044,4,4,4,4,4
cifar10:train:30066,7,7,7,7,7
cifar10:train:30093,0,0,0,0,0
cifar10:train:30197,7,7,7,7,7
cifar10:train:30233,0,0,0,0,0
cifar10:train:30240,0,0,0,0,0
cifar10:train:30267,0,0,0,0,0
cifar10:train:30271,0,0,0,0,0
cifar10:train:30295,0,0,0,0,0
cifar10:train:30297,0,0,0,0,0
cifar10:train:30327,9,9,9,9,9
cifar10:train:30336,6,6,6,6,6
cifar10:train:30399,1,1,1,1,1
cifar10:train:30446,1,1,1,1,1
cifar10:train:30458,1,1,1,1,1
cifar10:train:30499,4,4,4,4,4
cifar10:train:30500,5,5,5,5,5
cifar10:train:30507,4,4,4,4,4
cifar10:train:30550,8,8,8,8,8
cifar10:train:30573,3,3,3,3,3
cifar10:train:30590,5,5,5,5,5
cifar10:train:30598,9,9,9,9,9
cifar10:train:30613,1,1,1,1,1
cifar10:train:30623,9,9,9,9,9
cifar10:train:30634,3,3,3,3,3
cifar10:train:30645,0,0,0,0,0
cifar10:train:30673,1,1,1,1,1
cifar10:train:30675,9,9,9,9,9
cifar10:train:30678,9,9,9,9,9
cifar10:train:30692,9,9,9,9,9
cifar10:train:30725,4,4,4,4,4
cifar10:train:30737,3,3,3,3,3
cifar10:train:30741,6,6,6,6,6
cifar10:train:30879,1,1,1,1,1
cifar10:train:30893,2,2,2,2,2
cifar10:train:30904,0,0,0,0,0
cifar10:train:30905,2,2,2,2,2
cifar10:train:30911,4,4,4,4,4
cifar10:train:30913,0,0,0,0,0
cifar10:train:30925,7,7,7,7,7
cifar10:train:30950,4,4,4,4,4
cifar10:train:30990,8,8,8,8,8
cifar10:train:30995,3,3,3,3,3
cifar10:train:31009,9,9,9,9,9
cifar10:train:31013,3,3,3,3,3
cifar10:train:31017,5,5,5,5,5
cifar10:train:31030,4,4,4,4,4
cifar10:train:31088,4,4,4,4,4
cifar10:train:31123,7,7,7,7,7
cifar10:train:31129,5,5,5,5,5
cifar10:train:31190,5,5,5,5,5
cifar10:train:31200,5,5,5,5,5
cifar10:train:31235,6,6,6,6,6
cifar10:train:31244,8,8,8,8,8
cifar10:train:31347,5,5,5,5,5
cifar10:train:31354,8,8,8,8,8
cifar10:train:31373,6,6,6,6,6
cifar10:train:31379,8,8,8,8,8
cifar10:train:31393,4,4,4,4,4
cifar10:train:31412,0,0,0,0,0
cifar10:train:31421,6,6,6,6,6
cifar10:train:31426,8,8,8,8,8
cifar10:train:31431,4,4,4,4,4
cifar10:train:31457,6,6,6,6,6
cifar10:train:31461,7,7,7,7,7
cifar10:train:31484,4,4,4,4,4
cifar10:train:31486,2,2,2,2,2
cifar10:train:31520,7,7,7,7,7
cifar10:train:31567,3,3,3,3,3
cifar10:train:31616,6,6,6,6,6
cifar10:train:31622,6,6,6,6,6
cifar10:train:31627,4,4,4,4,4
cifar10:train:31695,8,8,8,8,8
cifar10:train:31722,9,9,9,9,9
cifar10:train:31742,9,9,9,9,9
cifar10:train:31796,4,4,4,4,4
cifar10:train:31805,9,9,9,9,9
cifar10:train:31815,9,9,9,9,9
cifar10:train:31869,9,9,9,9,9
cifar10:train:31930,8,8,8,8,8
cifar10:train:31935,1,1,1,1,1
cifar10:train:31952,7,7,7,7,7
cifar10:train:32016,0,0,0,0,0
cifar10:train:32029,4,4,4,4,4
cifar10:train:32075,3,3,3,3,3
cifar10:train:32144,0,0,0,0,0
cifar10:train:32175,9,9,9,9,9
cifar10:train:32193,6,6,6,6,6
cifar10:train:32220,0,0,0,0,0
cifar10:train:32263,0,0,0,0,0
cifar10:train:32268,4,4,4,4,4
cifar10:train:32275,8,8,8,8,8
cifar10:train:32279,8,8,8,8,8
cifar10:train:32308,2,2,2,2,2
cifar10:train:32319,1,1,1,1,1
cifar10:train:32324,5,5,5,5,5
cifar10:train:32377,2,2,2,2,2
cifar10:train:32394,8,8,8,8,8
cifar10:train:32417,7,7,7,7,7
cifar10:train:32432,0,0,0,0,0
cifar10:train:32472,1,1,1,1,1
cifar10:train:32545,7,7,7,7,7
cifar10:train:32561,7,7,7,7,7
cifar10:train:32564,1,1,1,1,1
cifar10:train:32591,9,9,9,9,9
cifar10:train:32659,0,0,0,0,0
cifar10:train:32705,2,2,2,2,2
cifar10:train:32709,6,6,6,6,6
cifar10:train:32738,8,8,8,8,8
cifar10:train:32743,1,1,1,1,1
cifar10:train:32766,9,9,9,9,9
cifar10:train:32777,8,8,8,8,8
cifar10:train:32792,2,2,2,2,2
cifar10:train:32917,3,3,3,3,3
cifar10:train:32946,5,5,5,5,5
cifar10:train:32979,1,1,1,1,1
cifar10:train:33001,5,5,5,5,5
cifar10:train:33016,4,4,4,4,4
cifar10:train:33058,0,0,0,0,0
cifar10:train:33075,9,9,9,9,9
cifar10:train:33119,8,8,8,8,8
cifar10:train:33131,3,3,3,3,3
cifar10:train:33135,2,2,2,2,2
cifar10:train:33197,4,4,4,4,4
cifar10:train:33211,3,3,3,3,3
cifar10:train:33251,6,6,6,6,6
cifar10:train:33256,6,6,6,6,6
cifar10:train:33281,9,9,9,9,9
cifar10:train:33300,2,2,2,2,2
cifar10:train:33341,7,7,7,7,7
cifar10:train:33345,3,3,3,3,3
cifar10:train:33352,4,4,4,4,4
cifar10:train:33353,3,3,3,3,3
cifar10:train:33400,6,6,6,6,6
cifar10:train:33417,9,9,9,9,9
cifar10:train:33445,2,2,2,2,2
cifar10:train:33515,4,4,4,4,4
cifar10:train:33630,6,6,6,6,6
cifar10:train:33651,8,8,8,8,8
cifar10:train:33689,7,7,7,7,7
cifar10:train:33732,0,0,0,0,0
cifar10:train:33734,1,1,1,1,1
cifar10:train:33742,1,1,1,1,1
cifar10:train:33818,5,5,5,5,5
cifar10:train:33847,1,1,1,1,1
cifar10:train:33865,9,9,9,9,9
cifar10:train:33889,5,5,5,5,5
cifar10:train:33892,8,8,8,8,8
cifar10:train:33895,0,0,0,0,0
cifar10:train:33902,7,7,7,7,7
cifar10:train:33927,5,5,5,5,5
cifar10:train:33954,8,8,8,8,8
cifar10:train:33995,7,7,7,7,7
cifar10:train:34107,7,7,7,7,7
cifar10:train:34150,0,0,0,0,0
cifar10:train:34188,5,5,5,5,5
cifar10:train:34214,9,9,9,9,9
cifar10:train:34233,1,1,1,1,1
cifar10:train:34234,0,0,0,0,0
cifar10:train:34264,6,6,6,6,6
cifar10:train:34302,5,5,5,5,5
cifar10:train:34322,6,6,6,6,6
cifar10:train:34328,4,4,4,4,4
cifar10:train:34354,3,3,3,3,3
cifar10:train:34392,7,7,7,7,7
cifar10:train:34414,2,2,2,2,2
cifar10:train:34455,8,8,8,8,8
cifar10:train:34457,2,2,2,2,2
cifar10:train:34465,3,3,3,3,3
cifar10:train:34471,8,8,8,8,8
cifar10:train:34524,5,5,5,5,5
cifar10:train:34542,6,6,6,6,6
cifar10:train:34565,5,5,5,5,5
cifar10:train:34571,1,1,1,1,1
cifar10:train:34575,4,4,4,4,4
cifar10:train:34580,2,2,2,2,2
cifar10:train:34626,5,5,5,5,5
cifar10:train:34647,3,3,3,3,3
cifar10:train:34667,9,9,9,9,9
cifar10:train:34681,8,8,8,8,8
cifar10:train:34697,1,1,1,1,1
cifar10:train:34710,3,3,3,3,3
cifar10:train:34716,6,6,6,6,6
cifar10:train:34774,9,9,9,9,9
cifar10:train:34861,6,6,6,6,6
cifar10:train:34872,9,9,9,9,9
cifar10:train:34885,2,2,2,2,2
cifar10:train:34904,7,7,7,7,7
cifar10:train:34907,2,2,2,2,2
cifar10:train:34951,6,6,6,6,6
cifar10:train:34962,1,9,1,1,1
cifar10:train:34969,4,4,4,4,4
cifar10:train:34992,6,6,6,6,6
cifar10:train:35021,1,1,1,1,1
cifar10:train:35034,5,5,5,5,5
cifar10:train:35050,4,4,4,4,4
cifar10:train:35054,4,4,4,4,4
cifar10:train:35073,9,9,9,9,9
cifar10:train:35076,1,1,1,1,1
cifar10:train:35081,1,1,1,1,1
cifar10:train:35087,6,6,6,6,6
cifar10:train:35097,9,9,9,9,9
cifar10:train:35162,0,0,0,0,0
cifar10:train:35199,8,8,8,8,8
cifar10:train:35253,7,7,7,7,7
cifar10:train:35267,2,2,2,2,2
cifar10:train:35269,0,0,0,0,0
cifar10:train:35277,7,7,7,7,7
cifar10:train:35330,9,9,9,9,9
cifar10:train:35340,6,6,6,6,6
cifar10:train:35343,0,0,0,0,0
cifar10:train:35375,3,3,3,3,3
cifar10:train:35382,9,9,9,9,9
cifar10:train:35383,7,7,7,7,7
cifar10:train:35417,0,0,0,0,0
cifar10:train:35445,5,5,5,5,5
cifar10:train:35449,3,3,3,3,3
cifar10:train:35521,9,9,9,9,9
cifar10:train:35584,7,7,7,7,7
cifar10:train:35594,0,0,0,0,0
cifar10:train:35601,4,4,4,4,4
cifar10:train:35616,2,2,2,2,2
cifar10:train:35649,1,1,1,1,1
cifar10:train:35666,1,1,1,1,1
cifar10:train:35699,9,9,9,9,9
cifar10:train:35735,5,5,5,5,5
cifar10:train:35745,6,6,6,6,6
cifar10:train:35788,0,0,0,0,0
cifar10:train:35810,1,1,1,1,1
cifar10:train:35817,6,6,6,6,6
cifar10:train:35828,8,8,8,8,8
cifar10:train:35858,0,0,0,0,0
cifar10:train:35870,2,2,2,2,2
cifar10:train:35872,6,6,6,6,6
cifar10:train:35899,3,3,3,3,3
cifar10:train:35917,8,8,8,8,8
cifar10:train:35928,6,6,6,6,6
cifar10:train:35992,8,8,8,8,8
cifar10:train:35993,5,5,5,5,5
cifar10:train:36106,0,0,0,0,0
cifar10:train:36136,7,7,7,7,7
cifar10:train:36149,0,0,0,0,0
cifar10:train:36150,5,5,5,5,5
cifar10:train:36188,6,6,6,6,6
cifar10:train:36192,6,6,6,6,6
cifar10:train:36199,4,4,4,4,4
cifar10:train:36203,7,7,7,7,7
cifar10:train:36269,3,3,3,3,3
cifar10:train:36291,9,9,9,9,9
cifar10:train:36380,6,6,6,6,6
cifar10:train:36383,4,4,4,4,4
cifar10:train:36392,5,5,5,5,5
cifar10:train:36444,8,8,8,8,8
cifar10:train:36445,1,1,1,1,1
cifar10:train:36446,0,0,0,0,0
cifar10:train:36454,5,5,5,5,5
cifar10:train:36469,2,2,2,2,2
cifar10:train:36473,1,1,1,1,1
cifar10:train:36477,3,3,3,3,3
cifar10:train:36490,1,1,1,1,1
cifar10:train:36499,7,7,7,7,7
cifar10:train:36514,4,4,4,4,4
cifar10:train:36545,0,0,0,0,0
cifar10:train:36566,4,4,4,4,4
cifar10:train:36572,4,4,4,4,4
cifar10:train:36586,6,6,6,6,6
cifar10:train:36587,5,5,5,5,5
cifar10:train:36595,1,1,1,1,1
cifar10:train:36602,6,6,6,6,6
cifar10:train:36618,1,1,1,1,1
cifar10:train:36629,5,5,5,5,5
cifar10:train:36661,6,6,6,6,6
cifar10:train:36689,6,6,6,6,6
cifar10:train:36697,9,9,9,9,9
cifar10:train:36705,9,9,9,9,9
cifar10:train:36734,9,9,9,9,9
cifar10:train:36750,0,0,0,0,0
cifar10:train:36761,3,3,3,3,3
cifar10:train:36782,5,5,5,5,5
cifar10:train:36822,3,3,3,3,3
cifar10:train:36824,7,7,7,7,7
cifar10:train:36862,0,0,0,0,0
cifar10:train:36863,2,2,2,2,2
cifar10:train:36921,2,2,2,2,2
cifar10:train:36956,5,5,5,5,5
cifar10:train:36979,3,3,3,3,3
cifar10:train:37002,8,8,8,8,8
cifar10:train:37022,0,8,0,0,0
cifar10:train:37030,1,1,1,1,1
cifar10:train:37034,0,0,0,0,0
cifar10:train:37041,0,0,0,0,0
cifar10:train:37053,4,4,4,4,4
cifar10:train:37076,2,2,2,2,2
cifar10:train:37098,1,1,1,1,1
cifar10:train:37130,0,0,0,0,0
cifar10:train:37156,3,3,3,3,3
cifar10:train:37222,7,7,7,7,7
cifar10:train:37314,9,9,9,9,9
cifar10:train:37345,4,4,4,4,4
cifar10:train:37359,5,5,5,5,5
cifar10:train:37399,3,3,3,3,3
cifar10:train:37418,1,1,1,1,1
cifar10:train:37454,9,9,9,9,9
cifar10:train:37474,7,7,7,7,7
cifar10:train:37514,3,3,3,3,3
cifar10:train:37515,2,2,2,2,2
cifar10:train:37517,0,0,0,0,0
cifar10:train:37543,6,6,6,6,6
cifar10:train:37563,4,4,4,4,4
cifar10:train:37675,3,3,3,3,3
cifar10:train:37680,5,5,5,5,5
cifar10:train:37715,6,6,6,6,6
cifar10:train:37726,8,8,8,8,8
cifar10:train:37729,0,0,0,0,0
cifar10:train:37750,5,5,5,5,5
cifar10:train:37772,0,0,0,0,0
cifar10:train:37811,2,2,2,2,2
cifar10:train:37817,3,3,3,3,3
cifar10:train:37824,9,9,9,9,9
cifar10:train:37828,2,2,2,2,2
cifar10:train:37837,7,7,7,7,7
cifar10:train:37849,1,1,1,1,1
cifar10:train:37859,7,7,7,7,7
cifar10:train:37901,4,4,4,4,4
cifar10:train:37908,7,7,7,7,7
cifar10:train:37911,5,5,5,5,5
cifar10:train:37914,5,5,5,5,5
cifar10:train:37917,6,6,6,6,6
cifar10:train:37958,5,5,5,5,5
cifar10:train:37979,1,1,1,1,1
cifar10:train:38043,0,0,0,0,0
cifar10:train:38050,6,6,6,6,6
cifar10:train:38094,7,7,7,7,7
cifar10:train:38114,5,5,5,5,5
cifar10:train:38115,4,4,4,4,4
cifar10:train:38119,4,4,4,4,4
cifar10:train:38123,4,4,4,4,4
cifar10:train:38167,1,1,1,1,1
cifar10:train:38213,4,4,4,4,4
cifar10:train:38219,2,2,2,2,2
cifar10:train:38304,3,3,3,3,3
cifar10:train:38311,2,2,2,2,2
cifar10:train:38350,4,4,4,4,4
cifar10:train:38386,4,4,4,4,4
cifar10:train:38412,8,8,8,8,8
cifar10:train:38459,2,6,2,2,2
cifar10:train:38461,6,6,6,6,6
cifar10:train:38504,3,3,3,3,3
cifar10:train:38521,3,3,3,3,3
cifar10:train:38590,1,1,1,1,1
cifar10:train:38591,0,0,0,0,0
cifar10:train:38605,2,2,2,2,2
cifar10:train:38623,2,2,2,2,2
cifar10:train:38629,5,5,5,5,5
cifar10:train:38679,3,3,3,3,3
cifar10:train:38712,4,4,4,4,4
cifar10:train:38725,1,1,1,1,1
cifar10:train:38760,7,7,7,7,7
cifar10:train:38761,3,3,3,3,3
cifar10:train:38767,7,7,7,7,7
cifar10:train:38960,3,3,3,3,3
cifar10:train:38966,5,5,5,5,5
cifar10:train:39002,5,5,5,5,5
cifar10:train:39032,8,8,8,8,8
cifar10:train:39046,6,6,6,6,6
cifar10:train:39071,3,3,3,3,3
cifar10:train:39112,2,2,2,2,2
cifar10:train:39136,7,7,7,7,7
cifar10:train:39139,8,8,8,8,8
cifar10:train:39178,2,2,2,2,2
cifar10:train:39201,0,0,0,0,0
cifar10:train:39224,6,6,6,6,6
cifar10:train:39230,0,9,0,0,0
cifar10:train:39259,7,7,7,7,7
cifar10:train:39289,3,3,3,3,3
cifar10:train:39306,7,7,7,7,7
cifar10:train:39316,5,5,5,5,5
cifar10:train:39322,1,1,1,1,1
cifar10:train:39333,1,1,1,1,1
cifar10:train:39357,6,6,6,6,6
cifar10:train:39459,4,4,4,4,4
cifar10:train:39466,2,2,2,2,2
cifar10:train:39507,8,8,8,8,8
cifar10:train:39516,6,6,6,6,6
cifar10:train:39536,7,7,7,7,7
cifar10:train:39548,9,9,9,9,9
cifar10:train:39585,9,9,9,9,9
cifar10:train:39633,7,7,7,7,7
cifar10:train:39640,3,3,3,3,3
cifar10:train:39642,5,5,5,5,5
cifar10:train:39649,5,5,5,5,5
cifar10:train:39654,1,1,1,1,1
cifar10:train:39699,9,9,9,9,9
cifar10:train:39717,7,7,7,7,7
cifar10:train:39744,2,2,2,2,2
cifar10:train:39756,6,6,6,6,6
cifar10:train:39764,9,9,9,9,9
cifar10:train:39771,1,1,1,1,1
cifar10:train:39782,7,7,7,7,7
cifar10:train:39790,5,5,5,5,5
cifar10:train:39823,6,6,6,6,6
cifar10:train:39829,4,4,4,4,4
cifar10:train:39841,9,9,9,9,9
cifar10:train:39871,3,3,3,3,3
cifar10:train:39917,9,9,9,9,9
cifar10:train:39919,3,3,3,3,3
cifar10:train:40004,5,5,5,5,5
cifar10:train:40009,2,2,2,2,2
cifar10:train:40035,6,6,6,6,6
cifar10:train:40042,9,9,9,9,9
cifar10:train:40065,4,4,4,4,4
cifar10:train:40110,8,8,8,8,8
cifar10:train:40125,0,0,0,0,0
cifar10:train:40129,3,3,3,3,3
cifar10:train:40170,6,6,6,6,6
cifar10:train:40188,4,4,4,4,4
cifar10:train:40193,0,0,0,0,0
cifar10:train:40250,1,1,1,1,1
cifar10:train:40259,4,4,4,4,4
cifar10:train:40264,6,6,6,6,6
cifar10:train:40283,1,1,1,1,1
cifar10:train:40289,4,4,4,4,4
cifar10:train:40299,4,4,4,4,4
cifar10:train:40306,7,7,7,7,7
cifar10:train:40311,1,1,1,1,1
cifar10:train:40312,9,9,9,9,9
cifar10:train:40316,6,6,6,6,6
cifar10:train:40319,0,0,0,0,0
cifar10:train:40373,5,5,5,5,5
cifar10:train:40406,7,7,7,7,7
cifar10:train:40460,0,0,0,0,0
cifar10:train:40506,3,3,3,3,3
cifar10:train:40518,1,1,1,1,1
cifar10:train:40529,4,4,4,4,4
cifar10:train:40538,5,5,5,5,5
cifar10:train:40543,5,5,5,5,5
cifar10:train:40549,6,6,6,6,6
cifar10:train:40553,4,4,4,4,4
cifar10:train:40601,8,8,8,8,8
cifar10:train:40610,4,4,4,4,4
cifar10:train:40658,4,4,4,4,4
cifar10:train:40663,4,4,4,4,4
cifar10:train:40684,7,7,7,7,7
cifar10:train:40747,0,0,0,0,0
cifar10:train:40799,5,5,5,5,5
cifar10:train:40856,6,6,6,6,6
cifar10:train:40936,1,1,1,1,1
cifar10:train:40939,8,8,8,8,8
cifar10:train:40954,3,3,3,3,3
cifar10:train:40962,4,4,4,4,4
cifar10:train:40971,1,1,1,1,1
cifar10:train:40977,7,7,7,7,7
cifar10:train:41018,2,2,2,2,2
cifar10:train:41049,6,6,6,6,6
cifar10:train:41050,7,7,7,7,7
cifar10:train:41060,3,6,3,3,3
cifar10:train:41111,7,7,7,7,7
cifar10:train:41135,9,9,9,9,9
cifar10:train:41139,5,5,5,5,5
cifar10:train:41146,0,0,0,0,0
cifar10:train:41164,0,0,0,0,0
cifar10:train:41216,4,4,4,4,4
cifar10:train:41253,8,8,8,8,8
cifar10:train:41255,2,2,2,2,2
cifar10:train:41319,7,7,7,7,7
cifar10:train:41336,1,1,1,1,1
cifar10:train:41360,5,5,5,5,5
cifar10:train:41361,9,9,9,9,9
cifar10:train:41365,5,5,5,5,5
cifar10:train:41366,8,8,8,8,8
cifar10:train:41390,7,7,7,7,7
cifar10:train:41394,3,3,3,3,3
cifar10:train:41452,0,0,0,0,0
cifar10:train:41479,7,7,7,7,7
cifar10:train:41495,9,9,9,9,9
cifar10:train:41502,1,1,1,1,1
cifar10:train:41534,6,6,6,6,6
cifar10:train:41553,6,6,6,6,6
cifar10:train:41563,1,1,1,1,1
cifar10:train:41565,5,5,5,5,5
cifar10:train:41576,1,1,1,1,1
cifar10:train:41625,4,4,4,4,4
cifar10:train:41635,4,4,4,4,4
cifar10:train:41656,6,6,6,6,6
cifar10:train:41698,9,9,9,9,9
cifar10:train:41702,0,0,0,0,0
cifar10:train:41721,2,0,2,2,2
cifar10:train:41727,8,8,8,8,8
cifar10:train:41732,8,8,8,8,8
cifar10:train:41748,1,1,1,1,1
cifar10:train:41758,7,7,7,7,7
cifar10:train:41804,4,4,4,4,4
cifar10:train:41820,4,4,4,4,4
cifar10:train:41833,8,8,8,8,8
cifar10:train:41869,1,1,1,1,1
cifar10:train:41903,3,3,3,3,3
cifar10:train:41952,3,3,3,3,3
cifar10:train:41963,1,1,1,1,1
cifar10:train:41997,5,5,5,5,5
cifar10:train:42015,6,6,6,6,6
cifar10:train:42029,3,3,3,3,3
cifar10:train:42045,2,2,2,2,2
cifar10:train:42131,3,3,3,3,3
cifar10:train:42132,2,2,2,2,2
cifar10:train:42164,4,4,4,4,4
cifar10:train:42185,2,2,2,2,2
cifar10:train:42205,0,0,0,0,0
cifar10:train:42237,1,1,1,1,1
cifar10:train:42238,7,7,7,7,7
cifar10:train:42308,6,6,6,6,6
cifar10:train:42315,4,4,4,4,4
cifar10:train:42358,6,6,6,6,6
cifar10:train:42359,8,8,8,8,8
cifar10:train:42360,7,7,7,7,7
cifar10:train:42437,1,1,1,1,1
cifar10:train:42502,8,8,8,8,8
cifar10:train:42512,4,4,4,4,4
cifar10:train:42541,3,3,3,3,3
cifar10:train:42542,2,2,2,2,2
cifar10:train:42548,3,3,3,3,3
cifar10:train:42569,0,0,0,0,0
cifar10:train:42570,4,4,4,4,4
cifar10:train:42644,0,0,0,0,0
cifar10:train:42651,7,7,7,7,7
cifar10:train:42695,4,4,4,4,4
cifar10:train:42719,7,7,7,7,7
cifar10:train:42731,5,5,5,5,5
cifar10:train:42746,2,2,2,2,2
cifar10:train:42766,3,3,3,3,3
cifar10:train:42806,3,3,3,3,3
cifar10:train:42872,6,6,6,6,6
cifar10:train:42895,7,7,7,7,7
cifar10:train:42913,1,1,1,1,1
cifar10:train:42919,5,5,5,5,5
cifar10:train:42928,2,2,2,2,2
cifar10:train:42995,2,2,2,2,2
cifar10:train:42997,3,3,3,3,3
cifar10:train:43042,9,9,9,9,9
cifar10:train:43056,5,5,5,5,5
cifar10:train:43220,0,0,0,0,0
cifar10:train:43227,7,7,7,7,7
cifar10:train:43228,4,4,4,4,4
cifar10:train:43238,4,4,4,4,4
cifar10:train:43341,9,9,9,9,9
cifar10:train:43361,2,2,2,2,2
cifar10:train:43368,0,0,0,0,0
cifar10:train:43382,3,3,3,3,3
cifar10:train:43387,5,5,5,5,5
cifar10:train:43423,8,8,8,8,8
cifar10:train:43443,2,2,2,2,2
cifar10:train:43493,3,3,3,3,3
cifar10:train:43510,7,7,7,7,7
cifar10:train:43525,0,0,0,0,0
cifar10:train:43527,2,2,2,2,2
cifar10:train:43539,9,9,9,9,9
cifar10:train:43556,7,7,7,7,7
cifar10:train:43560,9,9,9,9,9
cifar10:train:43598,3,3,3,3,3
cifar10:train:43657,0,0,0,0,0
cifar10:train:43686,5,5,5,5,5
cifar10:train:43709,0,0,0,0,0
cifar10:train:43739,9,9,9,9,9
cifar10:train:43757,0,0,0,0,0
cifar10:train:43765,4,4,4,4,4
cifar10:train:43778,4,4,4,4,4
cifar10:train:43793,4,4,4,4,4
cifar10:train:43818,1,1,1,1,1
cifar10:train:43826,2,2,2,2,2
cifar10:train:43837,6,6,6,6,6
cifar10:train:43845,3,3,3,3,3
cifar10:train:43894,7,7,7,7,7
cifar10:train:43917,6,6,6,6,6
cifar10:train:43942,9,9,9,9,9
cifar10:train:43949,0,0,0,0,0
cifar10:train:43964,7,7,7,7,7
cifar10:train:44012,6,6,6,6,6
cifar10:train:44024,5,5,5,5,5
cifar10:train:44025,7,7,7,7,7
cifar10:train:44033,5,5,5,5,5
cifar10:train:44080,1,1,1,1,1
cifar10:train:44096,6,6,6,6,6
cifar10:train:44108,3,3,3,3,3
cifar10:train:44111,7,7,7,7,7
cifar10:train:44135,7,7,7,7,7
cifar10:train:44147,4,4,4,4,4
cifar10:train:44167,0,0,0,0,0
cifar10:train:44170,0,0,0,0,0
cifar10:train:44203,2,2,2,2,2
cifar10:train:44217,1,1,1,1,1
cifar10:train:44232,3,3,3,3,3
cifar10:train:44233,3,3,3,3,3
cifar10:train:44248,6,6,6,6,6
cifar10:train:44251,6,6,6,6,6
cifar10:train:44252,3,3,3,3,3
cifar10:train:44314,6,6,6,6,6
cifar10:train:44338,7,7,7,7,7
cifar10:train:44351,2,2,2,2,2
cifar10:train:44361,5,5,5,5,5
cifar10:train:44392,2,2,2,2,2
cifar10:train:44464,0,0,0,0,0
cifar10:train:44483,1,1,1,1,1
cifar10:train:44490,8,8,8,8,8
cifar10:train:44523,2,2,2,2,2
cifar10:train:44527,8,8,8,8,8
cifar10:train:44533,6,6,6,6,6
cifar10:train:44556,8,8,8,8,8
cifar10:train:44594,8,8,8,8,8
cifar10:train:44602,6,6,6,6,6
cifar10:train:44617,7,7,7,7,7
cifar10:train:44630,0,0,0,0,0
cifar10:train:44640,9,9,9,9,9
cifar10:train:44645,0,0,0,0,0
cifar10:train:44755,9,9,9,9,9
cifar10:train:44765,2,2,2,2,2
cifar10:train:44767,1,1,1,1,1
cifar10:train:44778,0,0,0,0,0
cifar10:train:44833,8,0,8,8,8
cifar10:train:44868,3,3,3,3,3
cifar10:train:44886,1,1,1,1,1
cifar10:train:44905,2,2,2,2,2
cifar10:train:45033,9,9,9,9,9
cifar10:train:45054,7,7,7,7,7
cifar10:train:45075,3,3,3,3,3
cifar10:train:45093,9,9,9,9,9
cifar10:train:45102,0,0,0,0,0
cifar10:train:45103,7,7,7,7,7
cifar10:train:45163,0,0,0,0,0
cifar10:train:45171,7,7,7,7,7
cifar10:train:45212,1,1,1,1,1
cifar10:train:45230,7,7,7,7,7
cifar10:train:45247,6,6,6,6,6
cifar10:train:45290,5,5,5,5,5
cifar10:train:45317,1,1,1,1,1
cifar10:train:45382,3,3,3,3,3
cifar10:train:45406,1,1,1,1,1
cifar10:train:45418,9,9,9,9,9
cifar10:train:45424,2,2,2,2,2
cifar10:train:45428,2,2,2,2,2
cifar10:train:45437,2,2,2,2,2
cifar10:train:45460,2,2,2,2,2
cifar10:train:45469,5,5,5,5,5
cifar10:train:45499,5,5,5,5,5
cifar10:train:45516,0,0,0,0,0
cifar10:train:45522,2,2,2,2,2
cifar10:train:45554,5,5,5,5,5
cifar10:train:45565,1,1,1,1,1
cifar10:train:45613,1,1,1,1,1
cifar10:train:45644,4,4,4,4,4
cifar10:train:45659,8,8,8,8,8
cifar10:train:45664,5,5,5,5,5
cifar10:train:45674,5,5,5,5,5
cifar10:train:45675,1,1,1,1,1
cifar10:train:45693,6,6,6,6,6
cifar10:train:45709,2,4,2,2,2
cifar10:train:45844,9,9,9,9,9
cifar10:train:45870,5,5,5,5,5
cifar10:train:45950,7,7,7,7,7
cifar10:train:45987,4,4,4,4,4
cifar10:train:46022,5,5,5,5,5
cifar10:train:46024,9,9,9,9,9
cifar10:train:46037,3,3,3,3,3
cifar10:train:46047,4,4,4,4,4
cifar10:train:46089,2,2,2,2,2
cifar10:train:46092,6,6,6,6,6
cifar10:train:46110,3,3,3,3,3
cifar10:train:46126,6,6,6,6,6
cifar10:train:46212,8,8,8,8,8
cifar10:train:46222,5,5,5,5,5
cifar10:train:46264,5,5,5,5,5
cifar10:train:46315,2,2,2,2,2
cifar10:train:46337,3,3,3,3,3
cifar10:train:46356,9,9,9,9,9
cifar10:train:46386,8,8,8,8,8
cifar10:train:46390,9,9,9,9,9
cifar10:train:46411,3,3,3,3,3
cifar10:train:46417,3,3,3,3,3
cifar10:train:46434,0,0,0,0,0
cifar10:train:46499,8,8,8,8,8
cifar10:train:46502,4,4,4,4,4
cifar10:train:46544,1,1,1,1,1
cifar10:train:46562,2,2,2,2,2
cifar10:train:46563,2,2,2,2,2
cifar10:train:46566,4,4,4,4,4
cifar10:train:46599,9,9,9,9,9
cifar10:train:46601,7,7,7,7,7
cifar10:train:46662,9,9,9,9,9
cifar10:train:46721,6,6,6,6,6
cifar10:train:46725,0,0,0,0,0
cifar10:train:46756,0,0,0,0,0
cifar10:train:46810,2,2,2,2,2
cifar10:train:46822,0,0,0,0,0
cifar10:train:46833,9,9,9,9,9
cifar10:train:46858,1,1,1,1,1
cifar10:train:46874,2,2,2,2,2
cifar10:train:46875,7,7,7,7,7
cifar10:train:46918,5,5,5,5,5
cifar10:train:46949,0,0,0,0,0
cifar10:train:46973,5,5,5,5,5
cifar10:train:47010,2,2,2,2,2
cifar10:train:47036,9,9,9,9,9
cifar10:train:47044,3,3,3,3,3
cifar10:train:47053,4,4,4,4,4
cifar10:train:47069,9,9,9,9,9
cifar10:train:47071,6,6,6,6,6
cifar10:train:47114,8,8,8,8,8
cifar10:train:47221,5,5,5,5,5
cifar10:train:47238,9,9,9,9,9
cifar10:train:47267,0,0,0,0,0
cifar10:train:47284,3,3,3,3,3
cifar10:train:47313,3,3,3,3,3
cifar10:train:47315,9,9,9,9,9
cifar10:train:47356,7,7,7,7,7
cifar10:train:47376,8,8,8,8,8
cifar10:train:47407,6,6,6,6,6
cifar10:train:47440,5,5,5,5,5
cifar10:train:47453,1,1,1,1,1
cifar10:train:47508,2,2,2,2,2
cifar10:train:47523,3,3,3,3,3
cifar10:train:47533,2,2,2,2,2
cifar10:train:47547,3,3,3,3,3
cifar10:train:47601,2,2,2,2,2
cifar10:train:47638,7,7,7,7,7
cifar10:train:47667,3,3,3,3,3
cifar10:train:47677,0,0,0,0,0
cifar10:train:47684,3,3,3,3,3
cifar10:train:47737,3,3,3,3,3
cifar10:train:47791,8,8,8,8,8
cifar10:train:47845,1,1,1,1,1
cifar10:train:47892,3,3,3,3,3
cifar10:train:47930,1,1,1,1,1
cifar10:train:47966,0,0,0,0,0
cifar10:train:48081,8,8,8,8,8
cifar10:train:48109,0,0,0,0,0
cifar10:train:48115,1,1,1,1,1
cifar10:train:48163,4,4,4,4,4
cifar10:train:48204,7,7,7,7,7
cifar10:train:48217,0,0,0,0,0
cifar10:train:48229,6,6,6,6,6
cifar10:train:48250,2,2,2,2,2
cifar10:train:48273,8,8,8,8,8
cifar10:train:48279,1,1,1,1,1
cifar10:train:48284,9,9,9,9,9
cifar10:train:48366,2,2,2,2,2
cifar10:train:48436,7,7,7,7,7
cifar10:train:48470,0,0,0,0,0
cifar10:train:48542,6,6,6,6,6
cifar10:train:48558,8,8,8,8,8
cifar10:train:48565,6,6,6,6,6
cifar10:train:48566,5,5,5,5,5
cifar10:train:48647,8,8,8,8,8
cifar10:train:48698,8,8,8,8,8
cifar10:train:48703,2,2,2,2,2
cifar10:train:48724,5,5,5,5,5
cifar10:train:48756,8,8,8,8,8
cifar10:train:48772,3,3,3,3,3
cifar10:train:48774,8,8,8,8,8
cifar10:train:48811,7,7,7,7,7
cifar10:train:48879,4,4,4,4,4
cifar10:train:48882,5,5,5,5,5
cifar10:train:48892,4,4,4,4,4
cifar10:train:48900,5,5,5,5,5
cifar10:train:48901,1,1,1,1,1
cifar10:train:48903,7,7,7,7,7
cifar10:train:48930,0,0,0,0,0
cifar10:train:48936,8,8,8,8,8
cifar10:train:48970,1,1,1,1,1
cifar10:train:49014,5,5,5,5,5
cifar10:train:49070,5,5,5,5,5
cifar10:train:49091,0,0,0,0,0
cifar10:train:49093,2,2,2,2,2
cifar10:train:49117,3,3,3,3,3
cifar10:train:49173,1,1,1,1,1
cifar10:train:49191,8,8,8,8,8
cifar10:train:49199,4,4,4,4,4
cifar10:train:49217,9,9,9,9,9
cifar10:train:49228,9,9,9,9,9
cifar10:train:49243,4,4,4,4,4
cifar10:train:49250,8,8,8,8,8
cifar10:train:49308,0,0,0,0,0
cifar10:train:49309,7,7,7,7,7
cifar10:train:49328,2,2,2,2,2
cifar10:train:49361,6,6,6,6,6
cifar10:train:49384,3,3,3,3,3
cifar10:train:49387,0,0,0,0,0
cifar10:train:49393,8,8,8,8,8
cifar10:train:49429,8,8,8,8,8
cifar10:train:49556,0,0,0,0,0
cifar10:train:49562,1,1,1,1,1
cifar10:train:49591,8,8,8,8,8
cifar10:train:49624,6,6,6,6,6
cifar10:train:49634,9,9,9,9,9
cifar10:train:49655,6,6,6,6,6
cifar10:train:49656,0,0,0,0,0
cifar10:train:49676,1,1,1,1,1
cifar10:train:49685,4,4,4,4,4
cifar10:train:49730,2,2,2,2,2
cifar10:train:49758,4,4,4,4,4
cifar10:train:49774,7,7,7,7,7
cifar10:train:49779,9,9,9,9,9
cifar10:train:49873,1,1,1,1,1
cifar10:train:49885,7,7,7,7,7
cifar10:train:49887,8,8,8,8,8
cifar10:train:49935,7,7,7,7,7
cifar10:train:49958,3,3,3,3,3
cifar10:train:49966,6,6,6,6,6
