seed,epoch,clean_train_err,noisy_train_errors,n_train,n_val,n_test,noisy_train_err,val_err,test_err,test_logloss
17,1,0.030155642023346304,2960,17476,3745,3745,0.1693751430533303,0.03257676902536716,0.029372496662216287,0.2278309875898246
17,10,0.020771343556878003,2764,17476,3745,3745,0.1581597619592584,0.02590120160213618,0.025100133511348464,0.20443293767028778
17,20,0.023804074158846417,2663,17476,3745,3745,0.15238040741588466,0.035246995994659545,0.0315086782376502,0.2086926278148041
17,30,0.031700617990386815,2539,17476,3745,3745,0.14528496223392082,0.03978638184245661,0.03871829105473965,0.20407925411725328
17,40,0.04531929503318837,2333,17476,3745,3745,0.13349736781872282,0.059012016021361816,0.051535380507343125,0.22352428867230437
17,50,0.05853742275120165,2116,17476,3745,3745,0.1210803387502861,0.072630173564753,0.06675567423230974,0.23057193019941252
17,60,0.07381551842526894,1923,17476,3745,3745,0.11003662165255207,0.08811748998664887,0.08518024032042723,0.24653847097039225
17,70,0.08365758754863813,1675,17476,3745,3745,0.0958457312886244,0.09826435246995995,0.0945260347129506,0.2573935168826164
17,80,0.10019455252918288,1480,17476,3745,3745,0.08468757152666515,0.12283044058744993,0.10947930574098798,0.28603687580191506
17,90,0.10122453650720989,1310,17476,3745,3745,0.07495994506752117,0.12363150867823765,0.11268357810413886,0.2924649136967945
17,100,0.10889219501029984,1192,17476,3745,3745,0.068207827878233,0.13110814419225633,0.11909212283044059,0.3116402843243412
17,110,0.10477225909819181,1138,17476,3745,3745,0.06511787594415198,0.12790387182910548,0.11909212283044059,0.3063977148608824
17,120,0.11015106431677729,990,17476,3745,3745,0.056649118791485466,0.13591455273698264,0.127369826435247,0.32676476205023064
17,130,0.11037994964522774,912,17476,3745,3745,0.052185854886701764,0.1356475300400534,0.13244325767690254,0.3493202419088068
17,140,0.12634470130464637,693,17476,3745,3745,0.039654383154039824,0.15674232309746328,0.14606141522029373,0.39735087094806965
17,150,0.11747539482719158,734,17476,3745,3745,0.042000457770656904,0.13885180240320427,0.1404539385847797,0.37885257903667435
17,160,0.13109407186999314,584,17476,3745,3745,0.03341725795376516,0.15380507343124167,0.15353805073431243,0.44382144541292523
17,170,0.13012130922407875,617,17476,3745,3745,0.035305561913481345,0.1500667556742323,0.15220293724966621,0.4595806982720244
17,180,0.12817578393224993,547,17476,3745,3745,0.031300068665598535,0.1492656875834446,0.14766355140186915,0.46428402460480217
17,190,0.1359578850995651,371,17476,3745,3745,0.021229114213778898,0.1610146862483311,0.1596795727636849,0.5113642854865981
17,200,0.13509956511787594,328,17476,3745,3745,0.018768596932936598,0.16448598130841122,0.1580774365821095,0.5223003111132111
17,210,0.1388189517051957,253,17476,3745,3745,0.01447699702449073,0.16421895861148197,0.16128170894526034,0.5575189645134898
17,220,0.1423666742961776,225,17476,3745,3745,0.012874799725337605,0.16955941255006676,0.169826435246996,0.6054670173613678
17,230,0.13962005035477226,227,17476,3745,3745,0.01298924238956283,0.1636849132176235,0.1610146862483311,0.6031691375710242
17,240,0.14093614099336232,180,17476,3745,3745,0.010299839780270085,0.16208277703604806,0.1658210947930574,0.6299707860921883
17,250,0.1467727168688487,124,17476,3745,3745,0.007095445181963836,0.1807743658210948,0.18451268357810413,0.7378358228956461
17,260,0.14110780498970016,187,17476,3745,3745,0.010700389105058366,0.16315086782376503,0.1602136181575434,0.6615731204525842
17,270,0.14511329823758298,125,17476,3745,3745,0.0071526665140764474,0.16742323097463285,0.1671562082777036,0.7143215090559012
17,280,0.14711604486152438,66,17476,3745,3745,0.0037766079194323644,0.17943925233644858,0.17917222963951937,0.7932034014118119
17,290,0.1472304875257496,66,17476,3745,3745,0.0037766079194323644,0.17436582109479307,0.1727636849132176,0.7971387443378417
17,300,0.14734493018997483,56,17476,3745,3745,0.0032043945983062485,0.17249666221628837,0.17570093457943925,0.8247607787781795
17,310,0.14785992217898833,43,17476,3745,3745,0.002460517280842298,0.18104138851802404,0.1829105473965287,0.8831696564751104
17,320,0.1477454795147631,47,17476,3745,3745,0.0026894026092927443,0.17516688918558077,0.17570093457943925,0.8797699753101274
17,330,0.14814602883955139,40,17476,3745,3745,0.0022888532845044634,0.17757009345794392,0.17917222963951937,0.9227329903281882
17,340,0.14803158617532616,40,17476,3745,3745,0.0022888532845044634,0.18050734312416555,0.17997329773030707,0.9711310012470522
17,350,0.148203250171664,37,17476,3745,3745,0.0021171892881666284,0.17303070761014686,0.17650200267022698,0.9522791602343662
17,360,0.1482604715037766,36,17476,3745,3745,0.002059967956054017,0.17436582109479307,0.17863818424566089,1.0034716572056208
17,370,0.14831769283588922,35,17476,3745,3745,0.002002746623941405,0.17543391188251,0.17783711615487316,1.0245046583904007
17,380,0.14957656214236667,67,17476,3745,3745,0.003833829251544976,0.18477970627503337,0.1890520694259012,1.133682623449569
17,390,0.14831769283588922,35,17476,3745,3745,0.002002746623941405,0.1834445927903872,0.18477970627503337,1.1237169376994212
17,400,0.14843213550011444,35,17476,3745,3745,0.002002746623941405,0.18878504672897195,0.19065420560747665,1.182421567981655
17,410,0.14843213550011444,35,17476,3745,3745,0.002002746623941405,0.18264352469959946,0.18184245660881174,1.1663756100508311
17,420,0.14900434882124056,137,17476,3745,3745,0.007839322499427787,0.18050734312416555,0.18584779706275034,1.221883457516909
17,430,0.14848935683222705,34,17476,3745,3745,0.0019455252918287938,0.1802403204272363,0.18104138851802404,1.2070738819977123
17,440,0.14843213550011444,33,17476,3745,3745,0.0018883039597161822,0.17783711615487316,0.18104138851802404,1.2052793173418108
17,450,0.14837491416800183,34,17476,3745,3745,0.0019455252918287938,0.18397863818424567,0.18798397863818425,1.271959584948636
17,460,0.14837491416800183,34,17476,3745,3745,0.0019455252918287938,0.187716955941255,0.18691588785046728,1.2967205669215776
17,470,0.14837491416800183,34,17476,3745,3745,0.0019455252918287938,0.1807743658210948,0.18504672897196262,1.3130892564539625
17,480,0.14837491416800183,34,17476,3745,3745,0.0019455252918287938,0.18531375166889186,0.18931909212283043,1.3471211266537897
17,490,0.14837491416800183,34,17476,3745,3745,0.0019455252918287938,0.1842456608811749,0.18718291054739652,1.3470393046182594
17,500,0.14848935683222705,34,17476,3745,3745,0.0019455252918287938,0.18184245660881174,0.1855807743658211,1.3469219820326876
17,510,0.14848935683222705,34,17476,3745,3745,0.0019455252918287938,0.1807743658210948,0.18157543391188252,1.346344195181831
17,520,0.14848935683222705,34,17476,3745,3745,0.0019455252918287938,0.18504672897196262,0.1882510013351135,1.3922423618140884
17,530,0.14837491416800183,34,17476,3745,3745,0.0019455252918287938,0.18210947930574098,0.1842456608811749,1.3970736798295769
17,540,0.14837491416800183,34,17476,3745,3745,0.0019455252918287938,0.1807743658210948,0.1834445927903872,1.405770118266269
17,550,0.14837491416800183,34,17476,3745,3745,0.0019455252918287938,0.18317757009345795,0.18611481975967958,1.4409940947286104
17,560,0.14757381551842527,64,17476,3745,3745,0.0036621652552071412,0.17436582109479307,0.17863818424566089,1.407976504198488
17,570,0.14848935683222705,34,17476,3745,3745,0.0019455252918287938,0.18130841121495328,0.18611481975967958,1.4651187608822622
17,580,0.14848935683222705,34,17476,3745,3745,0.0019455252918287938,0.18504672897196262,0.18851802403204274,1.4866730104489052
17,590,0.14837491416800183,34,17476,3745,3745,0.0019455252918287938,0.1802403204272363,0.18584779706275034,1.4784477362954067
17,600,0.14848935683222705,34,17476,3745,3745,0.0019455252918287938,0.18210947930574098,0.18664886515353804,1.502112372126917
17,610,0.14848935683222705,34,17476,3745,3745,0.0019455252918287938,0.18264352469959946,0.18531375166889186,1.504153418297124
17,620,0.14843213550011444,33,17476,3745,3745,0.0018883039597161822,0.18371161548731643,0.18744993324432577,1.5295396175344054
17,630,0.14837491416800183,34,17476,3745,3745,0.0019455252918287938,0.1842456608811749,0.18611481975967958,1.5370408746559978
17,640,0.15695811398489357,558,17476,3745,3745,0.03192950331883726,0.19412550066755674,0.1951935914552737,1.745868512505488
17,650,0.14848935683222705,34,17476,3745,3745,0.0019455252918287938,0.18130841121495328,0.18531375166889186,1.5787114259808908
17,660,0.14848935683222705,34,17476,3745,3745,0.0019455252918287938,0.18130841121495328,0.1842456608811749,1.5849294770037707
17,670,0.14843213550011444,33,17476,3745,3745,0.0018883039597161822,0.17917222963951937,0.1834445927903872,1.5782432145089833
17,680,0.14848935683222705,34,17476,3745,3745,0.0019455252918287938,0.18584779706275034,0.18744993324432577,1.6115759236385025
17,690,0.14837491416800183,34,17476,3745,3745,0.0019455252918287938,0.1829105473965287,0.187716955941255,1.6086293253428428
17,700,0.14837491416800183,34,17476,3745,3745,0.0019455252918287938,0.18451268357810413,0.18851802403204274,1.626265401479896
17,710,0.14848935683222705,34,17476,3745,3745,0.0019455252918287938,0.18451268357810413,0.18878504672897195,1.6222757715707186
17,720,0.14848935683222705,182,17476,3745,3745,0.010414282444495307,0.18104138851802404,0.1882510013351135,1.6917901231636683
17,730,0.14848935683222705,34,17476,3745,3745,0.0019455252918287938,0.1855807743658211,0.1903871829105474,1.6531812772760004
17,740,0.14848935683222705,34,17476,3745,3745,0.0019455252918287938,0.18477970627503337,0.1890520694259012,1.6524489196130712
17,750,0.14848935683222705,34,17476,3745,3745,0.0019455252918287938,0.18237650200267022,0.18718291054739652,1.6585525973358064
17,760,0.14837491416800183,34,17476,3745,3745,0.0019455252918287938,0.18504672897196262,0.18798397863818425,1.6721700259301717
17,770,0.14837491416800183,34,17476,3745,3745,0.0019455252918287938,0.18371161548731643,0.1882510013351135,1.6758241561255434
17,780,0.14843213550011444,33,17476,3745,3745,0.0018883039597161822,0.1842456608811749,0.1882510013351135,1.6938154129754706
17,790,0.14843213550011444,33,17476,3745,3745,0.0018883039597161822,0.1863818424566088,0.1917222963951936,1.7151024980663585
17,800,0.14843213550011444,33,17476,3745,3745,0.0018883039597161822,0.18477970627503337,0.18718291054739652,1.7098630013422673
17,810,0.14837491416800183,34,17476,3745,3745,0.0019455252918287938,0.18504672897196262,0.18958611481975968,1.7036444832544546
17,820,0.14848935683222705,34,17476,3745,3745,0.0019455252918287938,0.18371161548731643,0.18584779706275034,1.7148404331069453
17,830,0.14848935683222705,34,17476,3745,3745,0.0019455252918287938,0.18664886515353804,0.187716955941255,1.7465157241533593
17,840,0.14848935683222705,34,17476,3745,3745,0.0019455252918287938,0.18477970627503337,0.18798397863818425,1.7385344722076463
17,850,0.14854657816433967,31,17476,3745,3745,0.001773861295490959,0.18264352469959946,0.187716955941255,1.7718284778093594
17,860,0.14848935683222705,32,17476,3745,3745,0.0018310826276035706,0.1829105473965287,0.18664886515353804,1.7691495917444282
17,870,0.14854657816433967,31,17476,3745,3745,0.001773861295490959,0.1834445927903872,0.1863818424566088,1.783029137579438
17,880,0.14848935683222705,32,17476,3745,3745,0.0018310826276035706,0.18397863818424567,0.187716955941255,1.7934139379729153
17,890,0.14848935683222705,32,17476,3745,3745,0.0018310826276035706,0.18184245660881174,0.18531375166889186,1.7778736906971333
17,900,0.14860379949645228,32,17476,3745,3745,0.0018310826276035706,0.1834445927903872,0.18744993324432577,1.801386280438507
17,910,0.14848935683222705,32,17476,3745,3745,0.0018310826276035706,0.18451268357810413,0.18744993324432577,1.8146452510576012
17,920,0.14860379949645228,32,17476,3745,3745,0.0018310826276035706,0.18531375166889186,0.18744993324432577,1.8314956811554148
17,930,0.14848935683222705,32,17476,3745,3745,0.0018310826276035706,0.18371161548731643,0.18664886515353804,1.8281393453537282
17,940,0.14848935683222705,32,17476,3745,3745,0.0018310826276035706,0.18264352469959946,0.18611481975967958,1.8223161725235886
17,950,0.14860379949645228,32,17476,3745,3745,0.0018310826276035706,0.18451268357810413,0.1882510013351135,1.843511993609
17,960,0.14848935683222705,32,17476,3745,3745,0.0018310826276035706,0.18237650200267022,0.1863818424566088,1.8427746462806986
17,970,0.14854657816433967,33,17476,3745,3745,0.0018883039597161822,0.18611481975967958,0.18664886515353804,1.8671810385196141
17,980,0.14854657816433967,31,17476,3745,3745,0.001773861295490959,0.1842456608811749,0.1917222963951936,1.872237283424952
17,990,0.14854657816433967,31,17476,3745,3745,0.001773861295490959,0.1829105473965287,0.19145527369826434,1.872903138205356
17,1000,0.14860379949645228,32,17476,3745,3745,0.0018310826276035706,0.1834445927903872,0.1909212283044059,1.8741919176142818
29,1,0.02883955138475624,2935,17476,3745,3745,0.16794460975051498,0.029105473965287048,0.029906542056074768,0.22316232476984516
29,10,0.020828564888990615,2763,17476,3745,3745,0.1581025406271458,0.0267022696929239,0.02349799732977303,0.20144064026552264
29,20,0.02603570611123827,2718,17476,3745,3745,0.15552758068207828,0.03497997329773031,0.03391188251001335,0.2156400400026514
29,30,0.030899519340810255,2573,17476,3745,3745,0.1472304875257496,0.04432576769025367,0.04138851802403204,0.21649585354823847
29,40,0.038910505836575876,2363,17476,3745,3745,0.13521400778210116,0.05473965287049399,0.04619492656875834,0.20536698078146998
29,50,0.04921034561684596,2157,17476,3745,3745,0.12342641336690319,0.06381842456608812,0.05714285714285714,0.2107265707472182
29,60,0.06248569466697185,1951,17476,3745,3745,0.1116388189517052,0.07369826435246996,0.07076101468624833,0.2170425943737767
29,70,0.07427328908216983,1765,17476,3745,3745,0.10099565117875944,0.08678237650200267,0.08197596795727637,0.2321933454739004
29,80,0.09510185397116044,1481,17476,3745,3745,0.08474479285877776,0.10787716955941255,0.10467289719626169,0.27137592210608547
29,90,0.09155413138017852,1393,17476,3745,3745,0.07970931563286793,0.1081441922563418,0.102803738317757,0.2572921885168472
29,100,0.09412909132524605,1270,17476,3745,3745,0.07267109178301671,0.10867823765020027,0.10947930574098798,0.2715632179582432
29,110,0.11747539482719158,980,17476,3745,3745,0.05607690547035935,0.13618157543391188,0.1348464619492657,0.33024651397598254
29,120,0.10992217898832685,994,17476,3745,3745,0.05687800411993591,0.12550066755674233,0.12817089452603472,0.3150062204243537
29,130,0.12182421606775005,776,17476,3745,3745,0.04440375371938659,0.14152202937249667,0.14072096128170894,0.36116260355748325
29,140,0.12228198672465095,694,17476,3745,3745,0.039711604486152435,0.13911882510013351,0.14152202937249667,0.3730275523781125
29,150,0.11896314946211947,694,17476,3745,3745,0.039711604486152435,0.13271028037383178,0.13404539385847797,0.37002178861821655
29,160,0.12794689860379949,541,17476,3745,3745,0.030956740672922867,0.14499332443257676,0.14819759679572764,0.41634941281129595
29,170,0.13258182650492104,470,17476,3745,3745,0.026894026092927445,0.14686248331108145,0.15300400534045394,0.45115435552993866
29,180,0.13612954909590294,366,17476,3745,3745,0.020943007553215837,0.15327102803738318,0.15914552736982643,0.480119501233561
29,190,0.14093614099336232,350,17476,3745,3745,0.020027466239414055,0.157543391188251,0.1628838451268358,0.5288450788718744
29,200,0.1344129091325246,336,17476,3745,3745,0.019226367589837492,0.145260347129506,0.15353805073431243,0.5077390992736024
29,210,0.13956282902265965,238,17476,3745,3745,0.013618677042801557,0.15514018691588785,0.16208277703604806,0.5604947492301137
29,220,0.1392767223620966,229,17476,3745,3745,0.013103685053788052,0.15647530040053403,0.16181575433911882,0.5805586779344659
29,230,0.14065003433279927,189,17476,3745,3745,0.010814831769283589,0.1602136181575434,0.16395193591455273,0.6094639835379592
29,240,0.14402609292744334,134,17476,3745,3745,0.007667658503089952,0.16688918558077437,0.17009345794392525,0.6670322983637555
29,250,0.14494163424124515,130,17476,3745,3745,0.007438773174639505,0.17303070761014686,0.17436582109479307,0.7072181807846305
29,260,0.14494163424124515,120,17476,3745,3745,0.00686655985351339,0.16528704939919894,0.17036048064085446,0.7107123899593345
29,270,0.14511329823758298,109,17476,3745,3745,0.006237125200274663,0.16688918558077437,0.16955941255006676,0.7484026338184414
29,280,0.14528496223392082,92,17476,3745,3745,0.005264362554360266,0.16475300400534046,0.16688918558077437,0.7483026755256276
29,290,0.14631494621194782,88,17476,3745,3745,0.0050354772259098195,0.17917222963951937,0.17730307076101468,0.8192154596606953
29,300,0.1467154955367361,69,17476,3745,3745,0.003948271915770199,0.18104138851802404,0.18264352469959946,0.866530755084041
29,310,0.1467727168688487,62,17476,3745,3745,0.003547722590981918,0.17009345794392525,0.17196261682242991,0.8488394337201896
29,320,0.1466582742046235,64,17476,3745,3745,0.0036621652552071412,0.17436582109479307,0.1759679572763685,0.9037451660251643
29,330,0.14688715953307394,60,17476,3745,3745,0.003433279926756695,0.16822429906542055,0.17249666221628837,0.8962321776063827
29,340,0.14631494621194782,76,17476,3745,3745,0.00434882124055848,0.17142857142857143,0.17249666221628837,0.9504581105236067
29,350,0.14728770885786222,55,17476,3745,3745,0.003147173266193637,0.17303070761014686,0.17516688918558077,0.978399952350205
29,360,0.147173266193637,55,17476,3745,3745,0.003147173266193637,0.17089452603471295,0.17356475300400534,0.9892701140862882
29,370,0.14728770885786222,59,17476,3745,3745,0.0033760585946440835,0.1842456608811749,0.1829105473965287,1.079422548269503
29,380,0.14728770885786222,55,17476,3745,3745,0.003147173266193637,0.17623497997329773,0.17890520694259013,1.0735222351207394
29,390,0.147173266193637,55,17476,3745,3745,0.003147173266193637,0.1781041388518024,0.18157543391188252,1.1055723931514894
29,400,0.14728770885786222,55,17476,3745,3745,0.003147173266193637,0.17623497997329773,0.1781041388518024,1.131055077316
29,410,0.14711604486152438,56,17476,3745,3745,0.0032043945983062485,0.1781041388518024,0.1829105473965287,1.1791208044505455
29,420,0.14848935683222705,232,17476,3745,3745,0.013275349050125887,0.1781041388518024,0.1759679572763685,1.2008465352596196
29,430,0.14728770885786222,55,17476,3745,3745,0.003147173266193637,0.17650200267022698,0.17516688918558077,1.2028240371746166
29,440,0.147173266193637,55,17476,3745,3745,0.003147173266193637,0.17837116154873164,0.17783711615487316,1.2328285851673646
29,450,0.14728770885786222,55,17476,3745,3745,0.003147173266193637,0.1829105473965287,0.17890520694259013,1.2679985371454678
29,460,0.1472304875257496,54,17476,3745,3745,0.0030899519340810253,0.17943925233644858,0.17570093457943925,1.2517400905177651
29,470,0.14728770885786222,55,17476,3745,3745,0.003147173266193637,0.17650200267022698,0.17570093457943925,1.2581511442253916
29,480,0.14797436484321355,99,17476,3745,3745,0.005664911879148546,0.17997329773030707,0.17757009345794392,1.3055527589726428
29,490,0.14740215152208744,53,17476,3745,3745,0.003032730601968414,0.17570093457943925,0.17783711615487316,1.3042000042672208
29,500,0.14740215152208744,53,17476,3745,3745,0.003032730601968414,0.17970627503337783,0.1781041388518024,1.341850740158578
29,510,0.14740215152208744,53,17476,3745,3745,0.003032730601968414,0.18157543391188252,0.17757009345794392,1.3497465062469383
29,520,0.14740215152208744,53,17476,3745,3745,0.003032730601968414,0.1781041388518024,0.17703604806408546,1.3478486138084549
29,530,0.15049210345616845,197,17476,3745,3745,0.011272602426184481,0.19065420560747665,0.1925233644859813,1.4938828879058137
29,540,0.14728770885786222,53,17476,3745,3745,0.003032730601968414,0.17997329773030707,0.17970627503337783,1.3799605088839904
29,550,0.14728770885786222,53,17476,3745,3745,0.003032730601968414,0.17890520694259013,0.17970627503337783,1.3946799299704726
29,560,0.14740215152208744,53,17476,3745,3745,0.003032730601968414,0.17863818424566089,0.17730307076101468,1.397944518167194
29,570,0.14745937285420005,52,17476,3745,3745,0.002975509269855802,0.17863818424566089,0.17890520694259013,1.4137280415626494
29,580,0.14734493018997483,52,17476,3745,3745,0.002975509269855802,0.17863818424566089,0.17703604806408546,1.4212413981837853
29,590,0.14734493018997483,52,17476,3745,3745,0.002975509269855802,0.1759679572763685,0.17757009345794392,1.4220665188889583
29,600,0.14740215152208744,51,17476,3745,3745,0.0029182879377431907,0.1842456608811749,0.17997329773030707,1.4841337710929803
29,610,0.150263218127718,241,17476,3745,3745,0.01379034103913939,0.18264352469959946,0.17863818424566089,1.5104195557693256
29,620,0.14734493018997483,52,17476,3745,3745,0.002975509269855802,0.18157543391188252,0.17997329773030707,1.4687658543733033
29,630,0.14734493018997483,52,17476,3745,3745,0.002975509269855802,0.1802403204272363,0.18130841121495328,1.4885273684102114
29,640,0.14745937285420005,52,17476,3745,3745,0.002975509269855802,0.18451268357810413,0.18050734312416555,1.510064103376838
29,650,0.14734493018997483,52,17476,3745,3745,0.002975509269855802,0.17997329773030707,0.1802403204272363,1.5017907370405743
29,660,0.14745937285420005,52,17476,3745,3745,0.002975509269855802,0.18397863818424567,0.18210947930574098,1.527220444314462
29,670,0.14734493018997483,52,17476,3745,3745,0.002975509269855802,0.18451268357810413,0.17196261682242991,1.5105367195109056
29,680,0.14745937285420005,52,17476,3745,3745,0.002975509269855802,0.1834445927903872,0.1746328437917223,1.5189142134565075
29,690,0.14734493018997483,52,17476,3745,3745,0.002975509269855802,0.17970627503337783,0.17356475300400534,1.518819231472037
29,700,0.14745937285420005,52,17476,3745,3745,0.002975509269855802,0.18237650200267022,0.17676902536715622,1.5417862014941135
29,710,0.14745937285420005,52,17476,3745,3745,0.002975509269855802,0.18264352469959946,0.17783711615487316,1.5602330916026654
29,720,0.14734493018997483,52,17476,3745,3745,0.002975509269855802,0.18104138851802404,0.17623497997329773,1.54588303084454
29,730,0.1403639276722362,436,17476,3745,3745,0.02494850080109865,0.17036048064085446,0.1727636849132176,1.5449199035834846
29,740,0.14745937285420005,52,17476,3745,3745,0.002975509269855802,0.18157543391188252,0.17970627503337783,1.5555226981033998
29,750,0.14745937285420005,52,17476,3745,3745,0.002975509269855802,0.1842456608811749,0.17890520694259013,1.5709134398543823
29,760,0.14745937285420005,52,17476,3745,3745,0.002975509269855802,0.18130841121495328,0.17703604806408546,1.5726193782258076
29,770,0.14745937285420005,52,17476,3745,3745,0.002975509269855802,0.18371161548731643,0.18157543391188252,1.6044436048976671
29,780,0.14745937285420005,52,17476,3745,3745,0.002975509269855802,0.18371161548731643,0.1781041388518024,1.5984974153909601
29,790,0.14734493018997483,52,17476,3745,3745,0.002975509269855802,0.1807743658210948,0.17703604806408546,1.5869780595810365
29,800,0.14734493018997483,52,17476,3745,3745,0.002975509269855802,0.17650200267022698,0.17703604806408546,1.578967272935714
29,810,0.14745937285420005,52,17476,3745,3745,0.002975509269855802,0.18130841121495328,0.17890520694259013,1.6152741006257985
29,820,0.14745937285420005,52,17476,3745,3745,0.002975509269855802,0.1834445927903872,0.17757009345794392,1.6262984262321678
29,830,0.14734493018997483,52,17476,3745,3745,0.002975509269855802,0.1834445927903872,0.17917222963951937,1.6410544129659401
29,840,0.14745937285420005,52,17476,3745,3745,0.002975509269855802,0.18477970627503337,0.18237650200267022,1.652379973995182
29,850,0.14831769283588922,97,17476,3745,3745,0.005550469214923324,0.19572763684913216,0.18504672897196262,1.7429045094867532
29,860,0.14745937285420005,52,17476,3745,3745,0.002975509269855802,0.18504672897196262,0.17783711615487316,1.654442651208785
29,870,0.14734493018997483,52,17476,3745,3745,0.002975509269855802,0.18264352469959946,0.17837116154873164,1.6497515446305187
29,880,0.14745937285420005,52,17476,3745,3745,0.002975509269855802,0.18451268357810413,0.17730307076101468,1.6572658770946416
29,890,0.14745937285420005,52,17476,3745,3745,0.002975509269855802,0.18050734312416555,0.17570093457943925,1.6507456092554433
29,900,0.14745937285420005,52,17476,3745,3745,0.002975509269855802,0.1855807743658211,0.17757009345794392,1.6805495044490188
29,910,0.14740215152208744,51,17476,3745,3745,0.0029182879377431907,0.1855807743658211,0.1781041388518024,1.6818960608927016
29,920,0.14734493018997483,52,17476,3745,3745,0.002975509269855802,0.18210947930574098,0.17623497997329773,1.6790917366154943
29,930,0.14745937285420005,52,17476,3745,3745,0.002975509269855802,0.18851802403204274,0.1807743658210948,1.7296470912831086
29,940,0.14734493018997483,52,17476,3745,3745,0.002975509269855802,0.18237650200267022,0.17543391188251,1.693569691638552
29,950,0.14740215152208744,51,17476,3745,3745,0.0029182879377431907,0.18477970627503337,0.17623497997329773,1.7077589887103704
29,960,0.14734493018997483,52,17476,3745,3745,0.002975509269855802,0.18531375166889186,0.1746328437917223,1.712877934031467
29,970,0.14740215152208744,51,17476,3745,3745,0.0029182879377431907,0.18718291054739652,0.17890520694259013,1.7516345793939603
29,980,0.14745937285420005,50,17476,3745,3745,0.002861066605630579,0.1855807743658211,0.17943925233644858,1.773853770540021
29,990,0.14751659418631266,51,17476,3745,3745,0.0029182879377431907,0.18531375166889186,0.17676902536715622,1.7683806731215361
29,1000,0.14740215152208744,51,17476,3745,3745,0.0029182879377431907,0.18451268357810413,0.1781041388518024,1.7704632784485757
43,1,0.034905012588693066,3011,17476,3745,3745,0.17229343099107347,0.0376502002670227,0.0376502002670227,0.24113419331764888
43,10,0.020828564888990615,2759,17476,3745,3745,0.15787365529869535,0.02563417890520694,0.026168224299065422,0.20646760306469178
43,20,0.02746623941405356,2657,17476,3745,3745,0.15203707942320896,0.03257676902536716,0.03578104138851802,0.22650877526061577
43,30,0.030556191348134584,2545,17476,3745,3745,0.14562829022659649,0.03925233644859813,0.04005340453938585,0.19987844311146696
43,40,0.04457541771572442,2352,17476,3745,3745,0.13458457312886243,0.05180240320427236,0.056074766355140186,0.2201357728398926
43,50,0.05544747081712062,2188,17476,3745,3745,0.12520027466239414,0.06435246995994659,0.07182910547396529,0.22747670419786004
43,60,0.07049668116273747,1929,17476,3745,3745,0.11037994964522774,0.07583444592790387,0.08331108144192256,0.2487651557738637
43,70,0.07982375829709315,1756,17476,3745,3745,0.10048065918974594,0.09078771695594126,0.0966622162883845,0.2631994022803389
43,80,0.08491645685511559,1615,17476,3745,3745,0.09241245136186771,0.0966622162883845,0.102803738317757,0.2713431710739488
43,90,0.09378576333257038,1424,17476,3745,3745,0.0814831769283589,0.10627503337783711,0.11241655540720961,0.28894320701796006
43,100,0.09756237125200275,1302,17476,3745,3745,0.07450217441062028,0.11375166889185581,0.11748998664886515,0.3026112079965456
43,110,0.09761959258411536,1229,17476,3745,3745,0.07032501716639963,0.11268357810413886,0.11829105473965287,0.3080293140649011
43,120,0.11140993362325476,1012,17476,3745,3745,0.05790798809796292,0.13538050734312418,0.1377837116154873,0.3566446784594081
43,130,0.11764705882352941,979,17476,3745,3745,0.05601968413824674,0.1404539385847797,0.13938584779706276,0.3797786697964512
43,140,0.11060883497367818,860,17476,3745,3745,0.04921034561684596,0.13190921228304406,0.13457943925233645,0.36706562171535967
43,150,0.12834744792858777,678,17476,3745,3745,0.03879606317235065,0.15407209612817088,0.15620827770360482,0.43918087661428273
43,160,0.11970702677958343,677,17476,3745,3745,0.03873884184023804,0.14339118825100133,0.1404539385847797,0.41508505298892673
43,170,0.1259441519798581,588,17476,3745,3745,0.03364614328221561,0.15620827770360482,0.15193591455273697,0.4624032152734683
43,180,0.12685969329365987,540,17476,3745,3745,0.030899519340810255,0.15166889185580773,0.1500667556742323,0.4795939599311721
43,190,0.1259441519798581,546,17476,3745,3745,0.031242847333485924,0.1506008010680908,0.15086782376502003,0.4928109445386594
43,200,0.13275349050125887,369,17476,3745,3745,0.021114671549553675,0.15861148197596794,0.1610146862483311,0.5283470055339898
43,210,0.13664454108491644,377,17476,3745,3745,0.021572442206454566,0.16395193591455273,0.1684913217623498,0.573215822391339
43,220,0.141279468986038,252,17476,3745,3745,0.01441977569237812,0.17196261682242991,0.1727636849132176,0.6158859577578353
43,230,0.1433966582742046,221,17476,3745,3745,0.01264591439688716,0.1781041388518024,0.1802403204272363,0.6571685922242146
43,240,0.1427672236209659,188,17476,3745,3745,0.010757610437170977,0.1732977303070761,0.17516688918558077,0.6579473741829699
43,250,0.14013504234378577,208,17476,3745,3745,0.011902037079423208,0.16662216288384513,0.16742323097463285,0.6548838183779716
43,260,0.14196612497138933,172,17476,3745,3745,0.009842069123369192,0.16688918558077437,0.17303070761014686,0.7083323875087305
43,270,0.14225223163195239,149,17476,3745,3745,0.008525978484779125,0.16929238985313752,0.1746328437917223,0.7320352646544052
43,280,0.14448386358434423,104,17476,3745,3745,0.005951018539711604,0.17970627503337783,0.18157543391188252,0.7849493127511968
43,290,0.1452277409018082,103,17476,3745,3745,0.005893797207598993,0.17730307076101468,0.1781041388518024,0.8090456323228223
43,300,0.14368276493476767,120,17476,3745,3745,0.00686655985351339,0.1679572763684913,0.17142857142857143,0.8067069720419598
43,310,0.14499885557335776,101,17476,3745,3745,0.00577935454337377,0.17409879839786382,0.18371161548731643,0.8851916689062282
43,320,0.14499885557335776,97,17476,3745,3745,0.005550469214923324,0.17009345794392525,0.17890520694259013,0.8846069403780286
43,330,0.14539940489814604,88,17476,3745,3745,0.0050354772259098195,0.1746328437917223,0.18531375166889186,0.9303898844229791
43,340,0.1456855115587091,83,17476,3745,3745,0.004749370565346761,0.1746328437917223,0.17970627503337783,0.9469820187205423
43,350,0.14608606088349738,76,17476,3745,3745,0.00434882124055848,0.16902536715620828,0.17570093457943925,0.9392749434063822
43,360,0.14688715953307394,60,17476,3745,3745,0.003433279926756695,0.17516688918558077,0.18184245660881174,1.015084964348143
43,370,0.14700160219729916,60,17476,3745,3745,0.003433279926756695,0.17783711615487316,0.187716955941255,1.0729154152912923
43,380,0.14763103685053788,49,17476,3745,3745,0.0028038452735179675,0.1863818424566088,0.19732977303070762,1.1516341919176192
43,390,0.14740215152208744,63,17476,3745,3745,0.00360494392309453,0.17997329773030707,0.1903871829105474,1.1407131271237523
43,400,0.1476882581826505,48,17476,3745,3745,0.002746623941405356,0.18210947930574098,0.18958611481975968,1.169451753471374
43,410,0.14757381551842527,50,17476,3745,3745,0.002861066605630579,0.17436582109479307,0.1834445927903872,1.1698812484536805
43,420,0.14751659418631266,49,17476,3745,3745,0.0028038452735179675,0.17356475300400534,0.18691588785046728,1.2028666995393258
43,430,0.14940489814602884,118,17476,3745,3745,0.006752117189288167,0.1909212283044059,0.2034712950600801,1.3623855127068911
43,440,0.14780270084687572,44,17476,3745,3745,0.0025177386129549098,0.17703604806408546,0.18851802403204274,1.2845379082902502
43,450,0.1476882581826505,44,17476,3745,3745,0.0025177386129549098,0.17970627503337783,0.18718291054739652,1.304160169242181
43,460,0.1476882581826505,44,17476,3745,3745,0.0025177386129549098,0.18397863818424567,0.1925233644859813,1.34562994237373
43,470,0.1477454795147631,45,17476,3745,3745,0.002574959945067521,0.17837116154873164,0.18931909212283043,1.3464684932936248
43,480,0.1476882581826505,44,17476,3745,3745,0.0025177386129549098,0.1807743658210948,0.18878504672897195,1.3855791277293246
43,490,0.14785992217898833,45,17476,3745,3745,0.002574959945067521,0.17837116154873164,0.1882510013351135,1.3889995770597126
43,500,0.1476882581826505,44,17476,3745,3745,0.0025177386129549098,0.18050734312416555,0.1890520694259012,1.4311402988818356
43,510,0.14785992217898833,43,17476,3745,3745,0.002460517280842298,0.18397863818424567,0.1903871829105474,1.457534200321734
43,520,0.14785992217898833,43,17476,3745,3745,0.002460517280842298,0.18157543391188252,0.18985313751668892,1.4397511532931762
43,530,0.14785992217898833,43,17476,3745,3745,0.002460517280842298,0.1829105473965287,0.19065420560747665,1.4668123654721148
43,540,0.14785992217898833,43,17476,3745,3745,0.002460517280842298,0.18050734312416555,0.18718291054739652,1.483324754341177
43,550,0.14785992217898833,43,17476,3745,3745,0.002460517280842298,0.18264352469959946,0.187716955941255,1.5122647615170541
43,560,0.14757381551842527,46,17476,3745,3745,0.002632181277180133,0.18184245660881174,0.19065420560747665,1.5247016093113088
43,570,0.1477454795147631,43,17476,3745,3745,0.002460517280842298,0.17970627503337783,0.18878504672897195,1.5451177408055705
43,580,0.14785992217898833,43,17476,3745,3745,0.002460517280842298,0.17863818424566089,0.18985313751668892,1.545328113667617
43,590,0.14785992217898833,43,17476,3745,3745,0.002460517280842298,0.17837116154873164,0.18611481975967958,1.5325998932779297
43,600,0.1477454795147631,43,17476,3745,3745,0.002460517280842298,0.17543391188251,0.1863818424566088,1.5366439598115809
43,610,0.14785992217898833,43,17476,3745,3745,0.002460517280842298,0.17917222963951937,0.1882510013351135,1.559681895765051
43,620,0.14785992217898833,43,17476,3745,3745,0.002460517280842298,0.18104138851802404,0.18958611481975968,1.5893364257851035
43,630,0.14763103685053788,45,17476,3745,3745,0.002574959945067521,0.17890520694259013,0.1911882510013351,1.59580005095842
43,640,0.14785992217898833,43,17476,3745,3745,0.002460517280842298,0.17543391188251,0.18744993324432577,1.5770620028828526
43,650,0.14791714351110094,46,17476,3745,3745,0.002632181277180133,0.18664886515353804,0.19198931909212283,1.685392367809576
43,660,0.1477454795147631,43,17476,3745,3745,0.002460517280842298,0.18264352469959946,0.1863818424566088,1.6468800500470804
43,670,0.14785992217898833,43,17476,3745,3745,0.002460517280842298,0.18317757009345795,0.18531375166889186,1.6554643778593954
43,680,0.1477454795147631,43,17476,3745,3745,0.002460517280842298,0.18317757009345795,0.18744993324432577,1.6675224364582235
43,690,0.14785992217898833,43,17476,3745,3745,0.002460517280842298,0.18184245660881174,0.187716955941255,1.656002715986226
43,700,0.1477454795147631,43,17476,3745,3745,0.002460517280842298,0.18397863818424567,0.18718291054739652,1.68187839627012
43,710,0.14785992217898833,43,17476,3745,3745,0.002460517280842298,0.18744993324432577,0.19065420560747665,1.7368314358909576
43,720,0.1477454795147631,43,17476,3745,3745,0.002460517280842298,0.1829105473965287,0.19012016021361816,1.7090528126085105
43,730,0.14785992217898833,43,17476,3745,3745,0.002460517280842298,0.1834445927903872,0.18798397863818425,1.717749497099233
43,740,0.1477454795147631,43,17476,3745,3745,0.002460517280842298,0.17757009345794392,0.187716955941255,1.708172512145332
43,750,0.1477454795147631,43,17476,3745,3745,0.002460517280842298,0.17783711615487316,0.1863818424566088,1.694748209612674
43,760,0.14785992217898833,43,17476,3745,3745,0.002460517280842298,0.18371161548731643,0.18931909212283043,1.7472837882481638
43,770,0.1477454795147631,43,17476,3745,3745,0.002460517280842298,0.1834445927903872,0.18958611481975968,1.7434856491337447
43,780,0.1477454795147631,43,17476,3745,3745,0.002460517280842298,0.17543391188251,0.18691588785046728,1.7148054874414698
43,790,0.14785992217898833,43,17476,3745,3745,0.002460517280842298,0.1829105473965287,0.18851802403204274,1.7548501711235174
43,800,0.14785992217898833,43,17476,3745,3745,0.002460517280842298,0.18584779706275034,0.18878504672897195,1.7919160837464727
43,810,0.148203250171664,59,17476,3745,3745,0.0033760585946440835,0.18264352469959946,0.1951935914552737,1.8569582245146563
43,820,0.1477454795147631,43,17476,3745,3745,0.002460517280842298,0.17837116154873164,0.1917222963951936,1.7965097180414011
43,830,0.1477454795147631,43,17476,3745,3745,0.002460517280842298,0.17917222963951937,0.1903871829105474,1.7905767663397605
43,840,0.1477454795147631,43,17476,3745,3745,0.002460517280842298,0.17917222963951937,0.18718291054739652,1.7871512856962763
43,850,0.14785992217898833,43,17476,3745,3745,0.002460517280842298,0.17783711615487316,0.187716955941255,1.7955071223783314
43,860,0.14785992217898833,43,17476,3745,3745,0.002460517280842298,0.1802403204272363,0.18664886515353804,1.8038766328494362
43,870,0.14780270084687572,42,17476,3745,3745,0.0024032959487296866,0.17570093457943925,0.1863818424566088,1.7754603697491478
43,880,0.14785992217898833,43,17476,3745,3745,0.002460517280842298,0.18451268357810413,0.1890520694259012,1.8442757171426027
43,890,0.14785992217898833,43,17476,3745,3745,0.002460517280842298,0.18397863818424567,0.1903871829105474,1.8398772263650276
43,900,0.1476882581826505,44,17476,3745,3745,0.0025177386129549098,0.17543391188251,0.18931909212283043,1.835107827143342
43,910,0.14785992217898833,43,17476,3745,3745,0.002460517280842298,0.18317757009345795,0.19198931909212283,1.8674895575058363
43,920,0.14785992217898833,43,17476,3745,3745,0.002460517280842298,0.18611481975967958,0.1938584779706275,1.889476614254909
43,930,0.1477454795147631,43,17476,3745,3745,0.002460517280842298,0.17970627503337783,0.18718291054739652,1.8371674627774919
43,940,0.1477454795147631,43,17476,3745,3745,0.002460517280842298,0.1834445927903872,0.19012016021361816,1.8718980323468666
43,950,0.14785992217898833,43,17476,3745,3745,0.002460517280842298,0.1855807743658211,0.19012016021361816,1.9016782370878342
43,960,0.1477454795147631,43,17476,3745,3745,0.002460517280842298,0.1807743658210948,0.18985313751668892,1.8606970758941972
43,970,0.14785992217898833,43,17476,3745,3745,0.002460517280842298,0.18531375166889186,0.19012016021361816,1.892459994605733
43,980,0.1477454795147631,43,17476,3745,3745,0.002460517280842298,0.18237650200267022,0.1890520694259012,1.8875823984304578
43,990,0.1477454795147631,43,17476,3745,3745,0.002460517280842298,0.18184245660881174,0.1917222963951936,1.9027132334154997
43,1000,0.14494163424124515,236,17476,3745,3745,0.013504234378576334,0.17650200267022698,0.18264352469959946,1.8559764087519615
