width,params,n_seeds,noisy_train_err_pct,val_err_pct,test_err_pct_mean,test_err_pct_sd,test_logloss_mean
2,1184,3,44.047407407407405,35.9,36.28666666666667,1.739032297955775,1.1690581423551691
4,2358,3,29.14888888888889,18.593333333333334,19.13333333333333,0.8922630404389359,0.7161437388226246
8,4706,3,24.178518518518516,13.593333333333334,14.713333333333333,0.2804163571073085,0.5655885795514385
16,9402,3,21.98888888888889,14.513333333333334,15.483333333333334,0.13796134724383327,0.5687950422489596
32,18794,3,18.314814814814813,21.12666666666667,21.733333333333334,0.26407069760451124,0.7276918949142687
48,28186,3,12.917037037037039,27.52,29.123333333333335,0.8285730706059282,1.1229188151700844
64,37578,3,5.737777777777777,32.400000000000006,33.74666666666666,0.1625833119767639,1.8911137186144051
96,56362,3,0.0,30.91333333333333,32.13666666666666,0.1800925687898678,2.941573054303543
128,75146,3,0.38518518518518513,29.62,29.883333333333336,0.6771508940652228,2.554483847116437
192,112714,3,0.0,25.633333333333336,25.936666666666667,0.28148416178061225,2.025256525264202
256,150282,3,0.0,23.313333333333333,24.26666666666667,0.4355838993045231,1.7819296233271917
512,300554,3,0.0,20.400000000000002,21.2,0.5102940328869227,1.4464031295988493
1024,601098,3,0.0,18.593333333333334,19.513333333333332,0.27006172134038925,1.3211439285495954
