width,seed,kind,nodes,head_parameters,noisy_train_errors,clean_train_errors,val_errors,test_errors,n_train,n_val,n_test,test_err,val_err,test_logloss,flipped_fit,flipped_total,seconds
1,17,root,1,579,2823,484,132,116,17476,3745,3745,0.030975,0.035247,0.22043,141,2621,1.448359
1,17,tree,7,4059,2786,451,133,121,17476,3745,3745,0.03231,0.035514,0.21321,143,2621,3.229647
1,17,pruned_train,4,2319,2786,451,133,121,17476,3745,3745,0.03231,0.035514,0.21321,143,2621,0.028905
1,17,pruned_val,1,579,2831,496,129,122,17476,3745,3745,0.032577,0.034446,0.214549,143,2621,0.022987
2,17,root,1,1157,2831,510,154,138,17476,3745,3745,0.036849,0.041121,0.232457,150,2621,0.958029
2,17,tree,7,8105,2818,599,178,155,17476,3745,3745,0.041389,0.04753,0.22252,201,2621,3.773384
2,17,pruned_train,5,5789,2815,574,175,150,17476,3745,3745,0.040053,0.046729,0.215906,190,2621,0.090399
2,17,pruned_val,1,1157,2850,557,161,142,17476,3745,3745,0.037917,0.042991,0.209007,164,2621,0.068686
4,17,root,1,2313,2605,708,200,198,17476,3745,3745,0.05287,0.053405,0.231237,362,2621,1.003891
4,17,tree,7,16197,1777,1866,413,455,17476,3745,3745,0.121495,0.11028,0.305187,1355,2621,3.791757
4,17,pruned_train,7,16197,1777,1866,413,455,17476,3745,3745,0.121495,0.11028,0.305187,1355,2621,0.111729
4,17,pruned_val,1,2313,2594,747,207,209,17476,3745,3745,0.055808,0.055274,0.191661,387,2621,0.081199
8,17,root,1,4625,2208,1123,290,289,17476,3745,3745,0.07717,0.077437,0.241834,768,2621,1.08232
8,17,tree,7,32381,692,2367,530,540,17476,3745,3745,0.144192,0.141522,0.449084,2148,2621,3.75288
8,17,pruned_train,7,32381,692,2367,530,540,17476,3745,3745,0.144192,0.141522,0.449084,2148,2621,0.121851
8,17,pruned_val,1,4625,2209,1104,290,289,17476,3745,3745,0.07717,0.077437,0.209721,758,2621,0.080477
12,17,root,1,6937,1679,1542,381,397,17476,3745,3745,0.106008,0.101736,0.27409,1242,2621,1.091242
12,17,tree,6,41627,134,2591,558,578,17476,3745,3745,0.154339,0.148999,0.887254,2539,2621,3.152695
12,17,pruned_train,6,41627,134,2591,558,578,17476,3745,3745,0.154339,0.148999,0.887254,2539,2621,0.080114
12,17,pruned_val,1,6937,1662,1579,396,405,17476,3745,3745,0.108144,0.105741,0.473551,1269,2621,0.059639
16,17,root,1,9249,1179,1766,453,424,17476,3745,3745,0.113218,0.120961,0.292592,1604,2621,1.178553
16,17,tree,5,46249,27,2610,578,560,17476,3745,3745,0.149533,0.154339,1.800162,2602,2621,2.590791
16,17,pruned_train,5,46249,27,2610,578,560,17476,3745,3745,0.149533,0.154339,1.800162,2602,2621,0.053627
16,17,pruned_val,1,9249,1167,1778,460,429,17476,3745,3745,0.114553,0.12283,1.062924,1616,2621,0.039237
24,17,root,1,13873,349,2382,521,520,17476,3745,3745,0.138852,0.139119,0.356667,2327,2621,1.206894
24,17,tree,4,55495,14,2619,541,542,17476,3745,3745,0.144726,0.144459,2.056722,2613,2621,2.542133
24,17,pruned_train,3,41621,14,2619,541,542,17476,3745,3745,0.144726,0.144459,2.056722,2613,2621,0.037896
24,17,pruned_val,1,13873,343,2394,533,531,17476,3745,3745,0.141789,0.142323,2.01032,2336,2621,0.029139
32,17,root,1,18497,88,2543,550,528,17476,3745,3745,0.140988,0.146862,0.413552,2538,2621,1.200907
32,17,tree,4,73991,1,2620,559,533,17476,3745,3745,0.142323,0.149266,2.541388,2620,2621,2.532861
32,17,pruned_train,4,73991,1,2620,559,533,17476,3745,3745,0.142323,0.149266,2.541388,2620,2621,0.043704
32,17,pruned_val,1,18497,77,2554,559,533,17476,3745,3745,0.142323,0.149266,2.541388,2549,2621,0.029099
48,17,root,1,27745,1,2622,532,520,17476,3745,3745,0.138852,0.142056,0.436851,2621,2621,1.344834
48,17,tree,3,83237,0,2621,549,568,17476,3745,3745,0.151669,0.146595,1.333105,2621,2621,2.10793
48,17,pruned_train,3,83237,0,2621,549,568,17476,3745,3745,0.151669,0.146595,1.333105,2621,2621,0.033588
48,17,pruned_val,1,27745,1,2622,549,568,17476,3745,3745,0.151669,0.146595,1.333105,2621,2621,0.025278
64,17,root,1,36993,0,2621,524,492,17476,3745,3745,0.131375,0.13992,0.415897,2621,2621,1.566741
64,17,tree,1,36993,0,2621,524,492,17476,3745,3745,0.131375,0.13992,0.415897,2621,2621,1.622391
64,17,pruned_train,1,36993,0,2621,524,492,17476,3745,3745,0.131375,0.13992,0.415897,2621,2621,0.009126
64,17,pruned_val,1,36993,0,2621,524,492,17476,3745,3745,0.131375,0.13992,0.415897,2621,2621,0.008625
128,17,root,1,73985,1,2620,502,430,17476,3745,3745,0.11482,0.134045,0.383841,2620,2621,1.957221
128,17,tree,3,221957,0,2621,503,448,17476,3745,3745,0.119626,0.134312,0.7497,2621,2621,3.041677
128,17,pruned_train,2,147971,0,2621,503,448,17476,3745,3745,0.119626,0.134312,0.7497,2621,2621,0.050268
128,17,pruned_val,1,73985,1,2620,503,448,17476,3745,3745,0.119626,0.134312,0.7497,2620,2621,0.043252
256,17,root,1,147969,1,2620,474,418,17476,3745,3745,0.111615,0.126569,0.368826,2620,2621,2.438895
256,17,tree,3,443909,0,2621,494,423,17476,3745,3745,0.112951,0.131909,0.701149,2621,2621,3.990617
256,17,pruned_train,2,295939,0,2621,494,423,17476,3745,3745,0.112951,0.131909,0.701149,2621,2621,0.08773
256,17,pruned_val,1,147969,1,2620,494,423,17476,3745,3745,0.112951,0.131909,0.701149,2620,2621,0.076967
512,17,root,1,295937,1,2620,424,362,17476,3745,3745,0.096662,0.113218,0.338774,2620,2621,3.75358
512,17,tree,3,887813,0,2621,455,368,17476,3745,3745,0.098264,0.121495,0.591173,2621,2621,6.390429
512,17,pruned_train,1,295937,0,2621,455,368,17476,3745,3745,0.098264,0.121495,0.591173,2621,2621,0.176469
512,17,pruned_val,1,295937,0,2621,455,368,17476,3745,3745,0.098264,0.121495,0.591173,2621,2621,0.147446
1,29,root,1,579,2833,486,127,118,17476,3745,3745,0.031509,0.033912,0.22408,137,2621,0.827565
1,29,tree,6,3479,2707,868,220,228,17476,3745,3745,0.060881,0.058745,0.228199,391,2621,2.973388
1,29,pruned_train,5,2899,2707,850,216,226,17476,3745,3745,0.060347,0.057677,0.227705,382,2621,0.026866
1,29,pruned_val,1,579,2837,480,128,117,17476,3745,3745,0.031242,0.034179,0.204705,132,2621,0.021588
2,29,root,1,1157,2792,493,145,138,17476,3745,3745,0.036849,0.038718,0.239053,161,2621,1.024064
2,29,tree,7,8105,2634,1107,296,288,17476,3745,3745,0.076903,0.079039,0.240587,547,2621,3.807813
2,29,pruned_train,5,5789,2619,1010,268,270,17476,3745,3745,0.072096,0.071562,0.237579,506,2621,0.085974
2,29,pruned_val,1,1157,2825,570,161,141,17476,3745,3745,0.03765,0.042991,0.205709,183,2621,0.069847
4,29,root,1,2313,2573,760,253,219,17476,3745,3745,0.058478,0.067557,0.249142,404,2621,1.052124
4,29,tree,7,16197,1961,1840,468,505,17476,3745,3745,0.134846,0.124967,0.285149,1250,2621,3.871194
4,29,pruned_train,7,16197,1961,1840,468,505,17476,3745,3745,0.134846,0.124967,0.285149,1250,2621,0.110994
4,29,pruned_val,1,2313,2577,812,260,240,17476,3745,3745,0.064085,0.069426,0.196303,428,2621,0.073532
8,29,root,1,4625,2283,962,260,253,17476,3745,3745,0.067557,0.069426,0.231278,650,2621,1.075769
8,29,tree,7,32381,631,2418,539,522,17476,3745,3745,0.139386,0.143925,0.459709,2204,2621,3.675284
8,29,pruned_train,7,32381,631,2418,539,522,17476,3745,3745,0.139386,0.143925,0.459709,2204,2621,0.099821
8,29,pruned_val,1,4625,2304,943,254,261,17476,3745,3745,0.069693,0.067824,0.194972,630,2621,0.06818
12,29,root,1,6937,1748,1385,391,369,17476,3745,3745,0.098531,0.104406,0.264941,1129,2621,1.081041
12,29,tree,7,48565,157,2566,598,560,17476,3745,3745,0.149533,0.15968,0.813754,2515,2621,3.69964
12,29,pruned_train,7,48565,157,2566,598,560,17476,3745,3745,0.149533,0.15968,0.813754,2515,2621,0.112503
12,29,pruned_val,1,6937,1730,1401,395,368,17476,3745,3745,0.098264,0.105474,0.410581,1146,2621,0.082389
16,29,root,1,9249,1175,1758,458,439,17476,3745,3745,0.117223,0.122296,0.296282,1602,2621,1.205735
16,29,tree,7,64749,14,2617,606,569,17476,3745,3745,0.151936,0.161816,2.541718,2612,2621,3.847886
16,29,pruned_train,7,64749,14,2617,606,569,17476,3745,3745,0.151936,0.161816,2.541718,2612,2621,0.103733
16,29,pruned_val,1,9249,1159,1782,456,444,17476,3745,3745,0.118558,0.121762,1.362863,1622,2621,0.069988
24,29,root,1,13873,441,2384,560,546,17476,3745,3745,0.145794,0.149533,0.396458,2282,2621,1.259756
24,29,tree,5,69369,7,2616,570,554,17476,3745,3745,0.147931,0.152203,2.288083,2615,2621,2.736904
24,29,pruned_train,3,41621,7,2616,570,554,17476,3745,3745,0.147931,0.152203,2.288083,2615,2621,0.050965
24,29,pruned_val,1,13873,411,2394,562,546,17476,3745,3745,0.145794,0.150067,2.183397,2302,2621,0.043673
32,29,root,1,18497,96,2589,618,618,17476,3745,3745,0.16502,0.16502,0.454389,2557,2621,1.223442
32,29,tree,3,55493,1,2620,618,616,17476,3745,3745,0.164486,0.16502,2.817051,2620,2621,2.580453
32,29,pruned_train,3,55493,1,2620,618,616,17476,3745,3745,0.164486,0.16502,2.817051,2620,2621,0.028983
32,29,pruned_val,2,36995,34,2601,618,616,17476,3745,3745,0.164486,0.16502,2.808698,2594,2621,0.023077
48,29,root,1,27745,1,2620,578,554,17476,3745,3745,0.147931,0.154339,0.451035,2620,2621,1.431359
48,29,tree,3,83237,0,2621,587,573,17476,3745,3745,0.153004,0.156742,1.394206,2621,2621,2.22645
48,29,pruned_train,1,27745,0,2621,587,573,17476,3745,3745,0.153004,0.156742,1.394206,2621,2621,0.026695
48,29,pruned_val,1,27745,0,2621,587,573,17476,3745,3745,0.153004,0.156742,1.394206,2621,2621,0.0262
64,29,root,1,36993,1,2620,475,507,17476,3745,3745,0.135381,0.126836,0.43291,2620,2621,1.552879
64,29,tree,3,110981,0,2621,502,541,17476,3745,3745,0.144459,0.134045,1.092751,2621,2621,2.495842
64,29,pruned_train,3,110981,0,2621,502,541,17476,3745,3745,0.144459,0.134045,1.092751,2621,2621,0.037107
64,29,pruned_val,1,36993,1,2620,502,541,17476,3745,3745,0.144459,0.134045,1.092751,2620,2621,0.027922
128,29,root,1,73985,1,2620,445,435,17476,3745,3745,0.116155,0.118825,0.384952,2620,2621,1.965577
128,29,tree,3,221957,0,2621,483,459,17476,3745,3745,0.122563,0.128972,0.854901,2621,2621,3.067186
128,29,pruned_train,3,221957,0,2621,483,459,17476,3745,3745,0.122563,0.128972,0.854901,2621,2621,0.058044
128,29,pruned_val,1,73985,1,2620,483,459,17476,3745,3745,0.122563,0.128972,0.854901,2620,2621,0.042594
256,29,root,1,147969,1,2620,453,411,17476,3745,3745,0.109746,0.120961,0.38568,2620,2621,2.669208
256,29,tree,3,443909,0,2621,462,434,17476,3745,3745,0.115888,0.123364,0.765252,2621,2621,4.259387
256,29,pruned_train,3,443909,0,2621,462,434,17476,3745,3745,0.115888,0.123364,0.765252,2621,2621,0.10603
256,29,pruned_val,1,147969,1,2620,462,434,17476,3745,3745,0.115888,0.123364,0.765252,2620,2621,0.077246
512,29,root,1,295937,1,2620,449,406,17476,3745,3745,0.108411,0.119893,0.366873,2620,2621,3.917443
512,29,tree,3,887813,0,2621,476,442,17476,3745,3745,0.118024,0.127103,0.768357,2621,2621,6.290555
512,29,pruned_train,3,887813,0,2621,476,442,17476,3745,3745,0.118024,0.127103,0.768357,2621,2621,0.195869
512,29,pruned_val,1,295937,1,2620,476,442,17476,3745,3745,0.118024,0.127103,0.768357,2620,2621,0.152143
1,43,root,1,579,2843,498,128,117,17476,3745,3745,0.031242,0.034179,0.237105,138,2621,0.77694
1,43,tree,4,2319,2833,568,152,143,17476,3745,3745,0.038184,0.040587,0.221514,178,2621,2.912992
1,43,pruned_train,3,1739,2832,585,155,149,17476,3745,3745,0.039786,0.041389,0.223339,187,2621,0.012269
1,43,pruned_val,1,579,2841,518,139,128,17476,3745,3745,0.034179,0.037116,0.216826,149,2621,0.009845
2,43,root,1,1157,2779,496,136,132,17476,3745,3745,0.035247,0.036315,0.214039,169,2621,1.080427
2,43,tree,7,8105,2675,688,176,192,17476,3745,3745,0.051268,0.046996,0.226205,317,2621,3.944758
2,43,pruned_train,6,6947,2671,704,182,198,17476,3745,3745,0.05287,0.048598,0.227923,327,2621,0.099281
2,43,pruned_val,1,1157,2795,512,138,140,17476,3745,3745,0.037383,0.036849,0.202932,169,2621,0.071183
4,43,root,1,2313,2618,573,167,146,17476,3745,3745,0.038985,0.044593,0.211332,288,2621,1.114756
4,43,tree,7,16197,1845,1714,431,416,17476,3745,3745,0.111081,0.115087,0.282435,1245,2621,3.868743
4,43,pruned_train,6,13883,1832,1647,406,396,17476,3745,3745,0.105741,0.108411,0.275856,1218,2621,0.102621
4,43,pruned_val,1,2313,2623,628,178,164,17476,3745,3745,0.043792,0.04753,0.176648,313,2621,0.074317
8,43,root,1,4625,2224,995,291,262,17476,3745,3745,0.06996,0.077704,0.23765,696,2621,1.093598
8,43,tree,7,32381,691,2388,534,500,17476,3745,3745,0.133511,0.14259,0.398721,2159,2621,3.78014
8,43,pruned_train,7,32381,691,2388,534,500,17476,3745,3745,0.133511,0.14259,0.398721,2159,2621,0.101301
8,43,pruned_val,1,4625,2222,993,291,262,17476,3745,3745,0.06996,0.077704,0.198906,696,2621,0.069121
12,43,root,1,6937,1691,1400,366,368,17476,3745,3745,0.098264,0.09773,0.263156,1165,2621,1.10163
12,43,tree,7,48565,164,2563,580,558,17476,3745,3745,0.148999,0.154873,0.743074,2510,2621,4.041882
12,43,pruned_train,7,48565,164,2563,580,558,17476,3745,3745,0.148999,0.154873,0.743074,2510,2621,0.103748
12,43,pruned_val,1,6937,1675,1420,375,370,17476,3745,3745,0.098798,0.100134,0.391997,1183,2621,0.071113
16,43,root,1,9249,1258,1817,473,500,17476,3745,3745,0.133511,0.126302,0.320386,1590,2621,1.280368
16,43,tree,5,46249,10,2623,573,591,17476,3745,3745,0.15781,0.153004,2.767014,2617,2621,2.872292
16,43,pruned_train,5,46249,10,2623,573,591,17476,3745,3745,0.15781,0.153004,2.767014,2617,2621,0.056461
16,43,pruned_val,1,9249,1240,1837,480,506,17476,3745,3745,0.135113,0.128171,1.737703,1609,2621,0.040628
24,43,root,1,13873,384,2397,571,585,17476,3745,3745,0.156208,0.15247,0.400024,2317,2621,1.319453
24,43,tree,4,55495,10,2619,596,604,17476,3745,3745,0.161282,0.159146,2.602833,2615,2621,2.734525
24,43,pruned_train,4,55495,10,2619,596,604,17476,3745,3745,0.161282,0.159146,2.602833,2615,2621,0.042838
24,43,pruned_val,1,13873,376,2403,577,585,17476,3745,3745,0.156208,0.154072,2.3911,2324,2621,0.028816
32,43,root,1,18497,37,2596,591,581,17476,3745,3745,0.15514,0.15781,0.450106,2590,2621,1.269811
32,43,tree,4,73991,0,2621,600,585,17476,3745,3745,0.156208,0.160214,2.531027,2621,2621,2.751702
32,43,pruned_train,4,73991,0,2621,600,585,17476,3745,3745,0.156208,0.160214,2.531027,2621,2621,0.044688
32,43,pruned_val,1,18497,28,2603,600,583,17476,3745,3745,0.155674,0.160214,2.525932,2598,2621,0.031114
48,43,root,1,27745,0,2621,567,563,17476,3745,3745,0.150334,0.151402,0.465375,2621,2621,1.520834
48,43,tree,1,27745,0,2621,567,563,17476,3745,3745,0.150334,0.151402,0.465375,2621,2621,1.57677
48,43,pruned_train,1,27745,0,2621,567,563,17476,3745,3745,0.150334,0.151402,0.465375,2621,2621,0.008464
48,43,pruned_val,1,27745,0,2621,567,563,17476,3745,3745,0.150334,0.151402,0.465375,2621,2621,0.009487
64,43,root,1,36993,1,2620,511,477,17476,3745,3745,0.12737,0.136449,0.432467,2620,2621,1.631723
64,43,tree,3,110981,0,2621,531,501,17476,3745,3745,0.133778,0.141789,1.040545,2621,2621,2.61479
64,43,pruned_train,3,110981,0,2621,531,501,17476,3745,3745,0.133778,0.141789,1.040545,2621,2621,0.036181
64,43,pruned_val,1,36993,1,2620,531,501,17476,3745,3745,0.133778,0.141789,1.040545,2620,2621,0.027321
128,43,root,1,73985,1,2620,450,435,17476,3745,3745,0.116155,0.12016,0.385631,2620,2621,2.145578
128,43,tree,3,221957,0,2621,475,459,17476,3745,3745,0.122563,0.126836,0.788632,2621,2621,3.36171
128,43,pruned_train,3,221957,0,2621,475,459,17476,3745,3745,0.122563,0.126836,0.788632,2621,2621,0.058027
128,43,pruned_val,1,73985,1,2620,475,459,17476,3745,3745,0.122563,0.126836,0.788632,2620,2621,0.043736
256,43,root,1,147969,1,2620,446,389,17476,3745,3745,0.103872,0.119092,0.365646,2620,2621,2.725452
256,43,tree,3,443909,0,2621,461,404,17476,3745,3745,0.107877,0.123097,0.716944,2621,2621,4.842643
256,43,pruned_train,3,443909,0,2621,461,404,17476,3745,3745,0.107877,0.123097,0.716944,2621,2621,0.119121
256,43,pruned_val,1,147969,1,2620,461,404,17476,3745,3745,0.107877,0.123097,0.716944,2620,2621,0.085479
512,43,root,1,295937,1,2620,416,367,17476,3745,3745,0.097997,0.111081,0.32685,2620,2621,4.080381
512,43,tree,3,887813,0,2621,423,366,17476,3745,3745,0.09773,0.112951,0.60078,2621,2621,6.566735
512,43,pruned_train,1,295937,0,2621,423,366,17476,3745,3745,0.09773,0.112951,0.60078,2621,2621,0.14999
512,43,pruned_val,1,295937,0,2621,423,366,17476,3745,3745,0.09773,0.112951,0.60078,2621,2621,0.144199
